"SAMPLE_NAME","shannon","observed_otus","chao1","simpson","faith_pd"
"10317.000072291",6.18362753352112,162,217.038461538462,0.968284,20.2808049294992
"10317.000031311",6.03526812053125,147,186.6,0.969702,20.552760950227
"10317.000041532",4.43781835750396,92,138.866666666667,0.89381,12.3367690227397
"10317.000076224",5.48140322220249,129,197.9,0.956194,15.246277717184
"10317.000014194",4.70255568301138,83,93,0.910816,10.7765695991831
"10317.000051201",4.53929054667701,77,124.25,0.919774,10.5768048122118
"10317.000010130",3.55850148609053,67,101.363636363636,0.81683,10.4329839397276
"10317.000020077",5.11863960891738,133,182.214285714286,0.922168,17.2630743260378
"10317.000072252",5.71357641377437,139,207.9,0.957014,17.229096706778
"10317.000074418",4.24488829936406,81,93.65,0.883796,11.5425031562863
"10317.000041590",4.32617518777324,92,125.066666666667,0.855738,12.1869883644186
"10317.000040318",5.161811288006,115,154.136363636364,0.929022,13.2674674241464
"10317.000072180",2.5141849022608,53,63,0.57153,8.88782286055543
"10317.000087652",3.95125183827327,82,117.1,0.792818,12.8238149257873
"10317.000087646",5.31998271426821,116,153,0.941486,13.8896295469277
"10317.000012071",5.27155725696933,119,200.666666666667,0.949924,15.1796000920524
"10317.000071905",5.13146725693596,75,98.75,0.959088,10.4276472127909
"10317.000039760",3.58897525566186,63,69.6666666666667,0.83911,9.53702207153074
"10317.000039645",3.37653279445906,65,86.1111111111111,0.734048,8.94718291229098
"10317.000021155",5.53190862450331,109,132.619047619048,0.962634,12.8991283522666
"10317.000018046",4.8120292827729,107,150.04347826087,0.92229,14.6920241082919
"10317.000071473",5.31620702469061,94,109,0.950352,11.1386614929211
"10317.000039694",5.70910080887632,147,200,0.95658,18.8533241787231
"10317.000023858",5.22125519663185,99,120,0.94851,12.8911520530358
"10317.000023096",4.43793966548619,68,93.0909090909091,0.920664,9.32326915024407
"10317.000016300",3.82030417456365,72,128.1,0.86889,9.65913693331184
"10317.000039898",5.40559460663068,89,128.428571428571,0.960362,11.4178028023471
"10317.000020106",4.96772593026293,107,152.315789473684,0.933328,13.1022893911596
"10317.000022551",5.89922571898413,133,199.352941176471,0.970382,14.9517122922263
"10317.000040003",5.26377130462997,112,159.3,0.951972,15.0963527392062
"10317.000043210",4.97169230602298,89,155.6,0.948058,12.7942449461303
"10317.000040410",5.25830175246177,118,172.473684210526,0.947524,14.1983915969713
"10317.000032616",5.15483667400319,96,136.615384615385,0.951438,12.4130060125829
"10317.000023224",5.90884466919118,152,264.894736842105,0.967816,19.8838507246402
"10317.000020436",4.3512222317615,120,155.636363636364,0.833846,15.8414500163973
"10317.000033672",3.03829816241063,59,71.2142857142857,0.700466,8.93736328403351
"10317.000087046",4.65268647463529,117,166.136363636364,0.857152,15.6251600331322
"10317.000076218",5.09367097188449,111,163.555555555556,0.943142,14.3078251751469
"10317.000047323",5.04030667010257,96,125,0.922862,12.4591093405034
"10317.000017277",5.05086381540492,92,121,0.950728,11.3739484955598
"10317.000022969",6.07360726305799,149,206.416666666667,0.974292,18.6867293030383
"10317.000036433",4.56210738520464,101,138.05,0.893534,15.4768109041399
"10317.000040033",3.20829302228085,58,100.857142857143,0.753694,8.87259879637292
"10317.000103839",4.89451877891154,78,132.166666666667,0.942152,9.6245152810174
"10317.000087089",2.92214781119636,52,61.0666666666667,0.779494,8.63679235327841
"10317.000011026",5.30541045693796,124,199.2,0.940782,17.2236262396389
"10317.000039608",6.30273287745779,155,209.473684210526,0.976068,18.4167067875257
"10317.000084344",4.75902395575797,97,120.625,0.916074,11.4284459649578
"10317.000026461",4.54068339355963,68,78.9285714285714,0.928028,8.08338622756649
"10317.000039690",4.61772931087197,74,99,0.929578,9.94275366778617
"10317.000043160",5.97558902553689,169,234,0.966328,17.9682019901039
"10317.000006759",3.03749606626462,63,79.8666666666667,0.711348,8.85632143548733
"10317.000093397",5.25638535229881,89,100.176470588235,0.95798,10.4226267157407
"10317.000015861",5.46932632607127,140,195.034482758621,0.953074,16.2657014443549
"10317.000093640",4.57552857707514,72,89.1,0.929586,10.7502976009122
"10317.000031298",6.11725048640324,150,201.041666666667,0.974758,17.2371366587694
"10317.000021277",4.09635452911733,61,73.3636363636364,0.896208,8.36229116349533
"10317.000107311",4.38116858172275,100,160.545454545455,0.864752,12.7001407146759
"10317.000074863",5.64994292152444,125,148.785714285714,0.963628,16.4704292831911
"10317.000030982",5.35848943529354,106,139.3,0.955836,13.8697734615084
"10317.000026548",5.93168666754288,167,311.391304347826,0.96885,23.3411626364456
"10317.000068291",5.17442798351556,108,202.090909090909,0.947878,14.7678010989528
"10317.000028886",4.25208173477195,102,152.647058823529,0.853484,13.1557708983582
"10317.000041167",4.47857975870203,84,111.1875,0.907388,10.8078183448648
"10317.000033677",4.6935914576569,104,157.117647058824,0.89899,13.4147284881006
"10317.000014142",5.59485460950243,137,201.166666666667,0.959234,16.2802467245266
"10317.000106812",4.1039793957952,70,87.2727272727273,0.841954,9.49525172078123
"10317.000040414",5.72984545968733,132,157.551724137931,0.963614,16.2956432665505
"10317.000093587",3.25440543488883,62,75.5714285714286,0.777892,9.29982721581168
"10317.000031837",4.31858064380059,77,95.0555555555556,0.91283,10.972867221773
"10317.000067525",5.80382235999182,127,202.2,0.968396,14.7652108738045
"10317.000069635",5.32806535971943,114,138.391304347826,0.947986,13.9368959117659
"10317.000017687",3.78636643366699,61,121,0.8641,9.36232353055674
"10317.000023832",5.08986387130213,118,174,0.934766,13.6567057904978
"10317.000039542",4.80785001414108,97,142.111111111111,0.895012,12.7777875804091
"10317.000023015",4.00949764386004,69,88.0909090909091,0.825358,9.30645863681954
"10317.000014942",4.82385663984532,87,128.333333333333,0.938982,10.9100833946292
"10317.000107245",5.388510986202,109,199.3,0.952414,13.078316103253
"10317.000065298",5.26049237288959,99,162.076923076923,0.956736,13.2734036848722
"10317.000023139",5.40960779126999,142,185.965517241379,0.936612,14.3730182159969
"10317.000078775",4.52690610740368,76,97.2307692307692,0.894652,11.2810381238161
"10317.000023894",4.67506195898649,86,100.055555555556,0.926266,10.6056677976486
"10317.000093652",3.60563567424709,74,103.25,0.777926,10.4159261901278
"10317.000052356",5.80776958774924,135,213.4,0.967778,17.0399857970578
"10317.000069339",4.91920060610794,97,122.2,0.930718,12.4425707698601
"10317.000039774",5.92211199277998,178,243.085714285714,0.958108,19.978930844375
"10317.000036166",4.77729387052174,78,92.25,0.927872,10.6588678700979
"10317.000071407",5.26814933774075,102,153.230769230769,0.954894,13.9135422495168
"10317.000103653",5.12622794200267,104,119.12,0.93293,12.7923647830966
"10317.000043089",5.46796293122716,117,196.615384615385,0.959428,14.1137933252236
"10317.000068149",3.63066236927216,75,102,0.819278,10.8368364692942
"10317.000022510",4.97145789862712,105,140.15,0.933746,14.0981540308371
"10317.000038424",4.66073554645041,80,188.75,0.898644,11.8235354780432
"10317.000066501",4.61521471451772,97,171.545454545455,0.90981,12.6413174264628
"10317.000039938",5.97370136702798,165,268.884615384615,0.969826,18.9152053275917
"10317.000026503",4.57668693703681,69,108.428571428571,0.933082,12.5835071135127
"10317.000023394",4.26113826246895,79,104.090909090909,0.892766,11.4865984414159
"10317.000048364",4.87152555603886,84,132,0.946106,12.2391939841875
"10317.000046183",5.51324728178919,111,130.076923076923,0.960068,14.4238590249828
"10317.000036722",5.915220582988,146,256.55,0.972516,17.4155167596588
"10317.000067649",4.96919304288167,105,126.75,0.9064,12.9889144003015
"10317.000027736",3.99074768410464,59,78.125,0.875834,8.90539417096387
"10317.000031871",4.65396065952674,69,90.1111111111111,0.924776,10.0069613173679
"10317.000013287",6.25975650265727,177,244.096774193548,0.973124,19.2247066895421
"10317.000039541",1.95569859543124,49,86.8,0.545246,7.88688610698869
"10317.000041126",4.10755672527354,76,86.2,0.836482,9.75853295539326
"10317.000023889",4.63962343215225,80,105.2,0.93425,11.3011158791014
"10317.000087631",4.9890035691365,92,147.111111111111,0.93994,12.060438947059
"10317.000033796",4.67516074232412,74,86.3529411764706,0.937158,10.7321917363052
"10317.000044303",5.85452404551723,136,181,0.968568,17.696279053643
"10317.000036045",5.62216082555975,134,173.416666666667,0.958848,16.0091877665212
"10317.000067946",5.73663617538907,131,178.3,0.96264,16.167374383254
"10317.000074857",2.96305558390754,50,56.875,0.663852,7.91092397839462
"10317.000028908",5.49959207883494,148,207.035714285714,0.94208,18.4359208111213
"10317.000048121",5.89477808208805,150,228.12,0.967902,18.4006030845237
"10317.000033678",4.72442753675209,81,129.333333333333,0.932,10.4431096476194
"10317.000023878",5.3126405542235,106,160.090909090909,0.950334,12.8125293395096
"10317.000093648",5.73558200859367,126,198.526315789474,0.970606,17.0028438969762
"10317.000067558",5.20812920503992,112,157.047619047619,0.951184,13.6581604166642
"10317.000037501",6.0467786946476,171,228.972972972973,0.964986,17.993363281202
"10317.000065304",5.57386514401012,124,149.107142857143,0.960928,15.3977093232409
"10317.000069384",5.22949341723835,115,138.25,0.921934,14.3661889930446
"10317.000023834",4.50855701966074,79,104.375,0.92415,10.2937532712818
"10317.000072640",4.08164693935162,81,94.5882352941177,0.81631,12.113410654324
"10317.000017316",4.38493696189801,94,165.75,0.87617,12.5949929441472
"10317.000036900",3.39652020996752,59,74.3,0.743028,9.67566794429614
"10317.000082679",2.23579800994977,61,101.6,0.529198,8.69095636317409
"10317.000022634",3.58623256175662,71,91,0.801312,9.94358492773661
"10317.000094605",4.91139764390537,121,213.8125,0.907536,14.3984490397218
"10317.000093554",5.60011162667614,134,183.136363636364,0.953766,14.7031885490016
"10317.000067637",3.7686249120161,68,80.8333333333333,0.859124,10.0537451849752
"10317.000041075",5.30857348026084,123,178,0.9316,14.1404490928762
"10317.000093607",2.72781531897233,56,63.0588235294118,0.618632,8.81185096830215
"10317.000023888",3.30177188655348,59,82.1,0.767906,8.07003591627572
"10317.000023060",5.50424380105876,125,168,0.951192,16.0059516533125
"10317.000068233",3.95281229757787,59,59.8333333333333,0.873492,8.48032858242449
"10317.000031847",4.38603047694456,74,97.75,0.89749,10.7647096246246
"10317.000039896",5.86733158650007,145,220.136363636364,0.968316,17.5075834324349
"10317.000030991",4.05725924421733,60,75.1111111111111,0.892348,8.31089670597103
"10317.000041540",5.53215522428907,102,116.285714285714,0.965262,12.8923560851251
"10317.000011005",4.67006972316518,99,117.125,0.903988,12.6466174466927
"10317.000041935",3.33486169937002,67,82.8125,0.752488,9.43753708318918
"10317.000041788",4.24773853652572,86,105.117647058824,0.853034,10.4151383810796
"10317.000040357",5.38524132492989,105,140.0625,0.952516,13.2889385560763
"10317.000037576",5.34120938528139,98,161.909090909091,0.960812,13.5174085935752
"10317.000090545",4.98717097273166,104,152.75,0.938336,14.4777611594342
"10317.000034180",4.35809138045931,92,104.535714285714,0.899006,14.3437156812509
"10317.000108013",4.70086802546973,86,122.909090909091,0.918054,11.6675576396611
"10317.000039639",5.41138479452939,103,154,0.955104,12.2658742549249
"10317.000062980",5.57324659971099,136,191.681818181818,0.954188,17.1410956563617
"10317.000072254",4.15337351160744,74,114.6,0.884872,10.0365423854094
"10317.000094714",4.51565949744897,77,104.083333333333,0.924658,10.5605010827826
"10317.000073249",5.2736215118229,105,153.461538461538,0.94573,13.945052321281
"10317.000043213",5.23759041502222,121,143.5,0.94019,15.3546734623463
"10317.000018073",5.35075978843346,150,238.75,0.943724,19.4091462044631
"10317.000100442",5.56703669976958,150,258.5,0.937462,18.9240811047906
"10317.000107977",5.58527382792786,120,163.05,0.961986,15.4564723354658
"10317.000107953",3.86792625261557,67,86.25,0.841,9.88422902391824
"10317.000039726",4.87698517356393,94,121,0.922954,11.5262624188675
"10317.000078771",3.75492510182253,78,117.545454545455,0.803334,9.1909908499722
"10317.000072026",4.14529327089973,76,103.272727272727,0.858336,11.7030628019428
"10317.000017272",3.90870730427257,61,68.3333333333333,0.86349,7.85819051827662
"10317.000090090",4.91156531988464,102,120.9,0.914286,13.7998721595062
"10317.000084292",5.22395312741964,101,128.1875,0.946446,11.5006395488807
"10317.000036856",4.28454509702079,93,106.636363636364,0.859922,12.4707458053378
"10317.000035455",4.87305160359863,99,132.066666666667,0.924434,12.2129886907398
"10317.000084365",5.68610567540403,147,220.75,0.957726,17.1150959173162
"10317.000082680",3.29998428735371,68,95,0.76928,9.00170604453327
"10317.000090547",5.22614598675755,86,100.055555555556,0.958284,12.364615984314
"10317.000068337",5.99640244932364,140,183,0.97057,15.7865964051209
"10317.000039633",3.83026323033913,80,107,0.842944,11.3418538349097
"10317.000035380",4.80443923879457,114,149.652173913043,0.914138,15.3999875335889
"10317.000067793",5.62692286094053,132,177,0.958206,16.9642010347082
"10317.000089209",4.39784624276477,75,81.8,0.905682,10.0525633145095
"10317.000015826",3.91192042550868,83,100.652173913043,0.813902,12.2947256421379
"10317.000035473",5.92243356710589,149,187.28125,0.969388,18.2071955573799
"10317.000096763",6.05437226124402,183,270.567567567568,0.96832,21.8448826518463
"10317.000039837",4.82965511603013,79,89.6875,0.932672,10.3184007418911
"10317.000036039",4.68082077007036,85,124.545454545455,0.918718,13.8222467716019
"10317.000067486",4.67117386300588,77,137,0.923044,8.9528269280422
"10317.000093089",4.85316905145359,111,201.461538461538,0.895778,15.4880145419161
"10317.000084453",3.74671059186452,65,90.6666666666667,0.830224,8.47714988605319
"10317.000069206",4.51119923791613,78,110.5,0.89957,9.66003615987815
"10317.000102658",4.61250975575789,90,148.666666666667,0.913456,11.9993265596893
"10317.000035449",4.7438162921545,128,183.25,0.875718,16.4365381332293
"10317.000037573",4.56042907012459,77,104,0.92571,10.822753048682
"10317.000102694",4.81989977015641,73,84.7692307692308,0.940108,8.72154281662336
"10317.000050517",4.43146375473973,94,132.75,0.888092,11.7452542411388
"10317.000027916",5.38004736411448,120,156.12,0.954644,17.8692638661448
"10317.000065662",4.98537050160917,97,146.583333333333,0.942634,12.5158264386062
"10317.000072047",4.26853180730303,76,105,0.903208,11.1154120615378
"10317.000049804",5.57864732064463,134,206.526315789474,0.95915,17.0517111843993
"10317.000039878",4.30749492009275,52,59.3333333333333,0.916384,7.43199525156361
"10317.000101003",4.11078436063906,67,113,0.890488,9.25472928612934
"10317.000041617",5.71773064356816,144,237.882352941176,0.954944,17.1907706475651
"10317.000028692",4.55904814928816,80,97.6521739130435,0.930522,11.9524926704828
"10317.000072298",4.53101228577483,96,159.066666666667,0.922612,11.8763531050621
"10317.000002889",5.32918412560073,130,183.04,0.937946,16.892235332585
"10317.000100495",4.43548616395476,85,112.083333333333,0.88255,11.9571469609727
"10317.000039554",5.9778478385731,163,226,0.965866,21.5434221717868
"10317.000021207",4.75078002901291,91,113.894736842105,0.930376,11.9532418844097
"10317.000065377",1.01902068770471,42,92,0.212242,7.434044645667
"10317.000069310",4.96910904326126,89,116,0.934736,12.5608892626115
"10317.000028809",4.86777993624191,88,101.125,0.922214,11.4861313655511
"10317.000031434",4.08849418999768,66,83.5,0.870884,9.46198754788788
"10317.000090167",4.92233090401962,98,149.230769230769,0.92344,11.8015954457405
"10317.000093399",5.21038576758269,110,137.555555555556,0.942956,13.5678196539803
"10317.000069678",5.28663762113938,111,132.12,0.944102,12.9989559146255
"10317.000039673",5.16057804097465,99,141.272727272727,0.948902,12.6118837863207
"10317.000058625",2.87902871336571,78,160,0.69495,10.354654009215
"10317.000093111",4.47245692201999,58,68.1111111111111,0.930816,8.95349224388101
"10317.000002319",4.59444919056119,110,212.666666666667,0.893214,13.9848409697506
"10317.000065962",5.17291129437197,135,258.75,0.904438,15.3958548941177
"10317.000036962",4.56394657280104,80,101.428571428571,0.90822,13.6648385297067
"10317.000031813",5.63483717055117,120,180.882352941176,0.961226,14.2666269221153
"10317.000027284",5.39701827342904,118,151.913043478261,0.955658,13.8887191187973
"10317.000028704",4.64898123079965,82,115.333333333333,0.914588,11.6463492438718
"10317.000100523",3.97701187182573,81,114,0.846212,10.1368934817326
"10317.000036147",5.48031068682046,131,164.115384615385,0.938312,14.8541047026428
"10317.000046217",5.3838418086202,90,156.428571428571,0.963026,11.5307938242752
"10317.000067565",6.05106134021023,132,173.130434782609,0.978226,17.6736048589511
"10317.000041547",4.14056045683526,74,119.769230769231,0.896438,9.60195409376425
"10317.000023470",5.12297433312578,99,165.6,0.94716,11.669147993388
"10317.000031441",4.67548444909011,87,114.066666666667,0.914224,10.8579492429268
"10317.000051109",5.64956909179234,134,202.055555555556,0.952808,17.8312144492891
"10317.000051266",5.13953635425209,119,194,0.939112,15.2284309813507
"10317.000107969",3.73462235413357,67,83.8666666666667,0.82013,10.6721609023483
"10317.000039986",5.78994006250031,139,171.757575757576,0.965626,16.1919122377221
"10317.000031257",4.71373218018593,68,87.125,0.932364,10.3877198051523
"10317.000035478",4.56654948985822,77,90.5714285714286,0.909396,10.4628057811366
"10317.000023002",3.44152409555363,55,65.5,0.789068,8.57733204129474
"10317.000052457",4.88377079210814,89,118.076923076923,0.937238,11.1131737540395
"10317.000027840",5.12584752565597,125,189.565217391304,0.935684,16.9102951658249
"10317.000066529",5.85060833921622,145,229.285714285714,0.968834,19.0318103990287
"10317.000039646",4.34702888286506,100,141,0.88844,13.6684613910954
"10317.000039860",3.63817773319685,79,123.4,0.846796,11.0494681233542
"10317.000034147",4.76503992189526,104,176.769230769231,0.917984,14.3490288984226
"10317.000039725",5.76951170043718,128,180.928571428571,0.964474,16.1332462404928
"10317.000010715",4.5421286899374,80,135.111111111111,0.910162,11.3658969534131
"10317.000079795",3.94831397520276,90,184.090909090909,0.850384,12.2669542419499
"10317.000072636",4.57055011583666,90,119,0.907066,11.2424643757929
"10317.000021290",4.67001583593581,87,130.5,0.913326,12.1536230801264
"10317.000073921",4.72477921950494,84,103.117647058824,0.930902,9.49337684987518
"10317.000022545",3.81027486039019,108,163.681818181818,0.750646,14.108172281189
"10317.000042021",4.15154733826039,60,96.1428571428571,0.907394,9.14751549852383
"10317.000031460",5.52183578360322,110,132.95652173913,0.963562,14.0843958001264
"10317.000039882",4.54687674158034,86,117.166666666667,0.922624,11.8944579542958
"10317.000072168",5.6002902645242,142,182.037037037037,0.945398,17.1587750069747
"10317.000037572",4.96544180936666,113,183.5,0.916454,16.2784596193193
"10317.000036855",5.77909780535118,142,232.588235294118,0.960776,17.0608615862449
"10317.000031519",5.07812661121439,103,151.461538461538,0.943258,15.7578741771357
"10317.000063059",4.40277667224686,91,113.894736842105,0.88286,11.6823314469962
"10317.000067933",5.45157791039447,124,188.5,0.950272,15.9002490832917
"10317.000011247",5.6259503513891,140,178.28125,0.957994,16.6975856719106
"10317.000039771",5.18723818723871,108,133,0.916698,12.9344504587568
"10317.000003235",4.69508739474645,88,98.5555555555556,0.882666,11.6512348034682
"10317.000069224",5.59021504545586,114,159.315789473684,0.967834,14.8623631271111
"10317.000023973",6.0063146024421,146,179.176470588235,0.971464,16.3577083973534
"10317.000100356",5.20065817997923,119,156.434782608696,0.940232,14.6096426568967
"10317.000046092",4.94960855062623,86,104.4,0.9319,10.7827949407165
"10317.000069689",4.49228942907292,96,115.894736842105,0.882596,11.958273994872
"10317.000039535",5.82620635798247,149,196,0.9506,18.7061695270036
"10317.000063127",5.24542558110167,143,217.391304347826,0.914202,15.7281160586744
"10317.000074849",4.44368744360058,76,103.083333333333,0.911698,10.1884664432054
"10317.000017166",5.49989827520547,122,177,0.957604,15.1508364583674
"10317.000039598",4.91960192389248,118,174.894736842105,0.918804,15.8142256785056
"10317.000046084",6.21865931075882,158,244.666666666667,0.9791,18.0451076565355
"10317.000026073",4.47915330063088,56,63.0909090909091,0.928638,7.91157779550485
"10317.000082720",5.25405698250148,103,154,0.950728,13.777083163625
"10317.000093606",5.6760512074578,118,153,0.965556,15.2785274214051
"10317.000072170",3.75110196311275,99,110.117647058824,0.7512,13.6044381064676
"10317.000047428",4.77467952286088,92,147.111111111111,0.915784,12.429017909324
"10317.000021323",5.75534075696963,123,181.235294117647,0.970744,15.9876665168271
"10317.000046192",4.62621265279728,88,103.789473684211,0.911804,12.0196435723875
"10317.000079832",4.82360232458266,88,106.055555555556,0.938544,11.105282226587
"10317.000039588",5.23036961942633,99,151.8,0.943426,12.3084234247694
"10317.000027313",4.97133490631596,89,114.090909090909,0.94006,12.0348753692547
"10317.000063081",5.8322376998399,139,217.4,0.962046,16.20752329732
"10317.000051115",5.42152744455513,91,118.083333333333,0.964122,9.89508674397687
"10317.000103706",5.27005103687172,130,173.24,0.93738,16.4702047342836
"10317.000052003",6.25883175861734,171,224.46875,0.97359,19.8667264868995
"10317.000073923",5.68937196626912,127,153.451612903226,0.965284,15.0943525143879
"10317.000041155",3.2533789791155,43,45.625,0.779724,7.19577595659268
"10317.000039663",4.41701555576932,87,124.714285714286,0.898644,11.7603433131129
"10317.000083146",6.18856429264592,159,274.555555555556,0.976712,18.4900267622902
"10317.000001230",4.04317183829355,65,81.5,0.894034,9.7063502602419
"10317.000039693",2.97696967230549,50,65,0.710084,8.36277937520697
"10317.000012937",5.80054547157193,149,223.391304347826,0.96289,17.4208238625339
"10317.000083008",3.48855648682062,61,67.5,0.780786,8.0007393317065
"10317.000012311",4.3639861906089,124,173.038461538462,0.809436,16.8275112623277
"10317.000090137",0.950984788517318,29,44.1666666666667,0.213592,5.67389806115183
"10317.000028923",4.0580471849769,78,123,0.881544,11.0413578869153
"10317.000039597",4.93102426363469,104,139.052631578947,0.93101,13.9416577599063
"10317.000084334",5.48916775847854,123,185.666666666667,0.953344,16.4579521603991
"10317.000067633",4.35348037151496,73,100.6,0.913922,9.45967945468122
"10317.000094705",5.18973413581432,94,117.214285714286,0.954178,12.4253146724385
"10317.000094610",4.6932030604624,80,105.090909090909,0.927796,10.495425001131
"10317.000001586",5.45949533141445,105,134.076923076923,0.958768,11.6969671482586
"10317.000069871",4.69642447592842,95,126.166666666667,0.9167,12.8317321200117
"10317.000044328",5.3278750671159,107,136.176470588235,0.954738,13.1264765437935
"10317.000041531",5.49343974474259,107,127.647058823529,0.957424,13.3182651896731
"10317.000027275",4.66618856020962,86,118.5,0.919056,11.1786412385406
"10317.000069407",4.91969629248542,101,134,0.920852,12.859868750221
"10317.000039587",4.90279099322271,76,97.375,0.929924,9.54030263039073
"10317.000094711",5.19371786349656,87,127.625,0.95802,11.0996231419043
"10317.000082701",4.07595020500987,95,108,0.807482,10.4875161435822
"10317.000041529",4.88965121435246,90,133.153846153846,0.940144,11.8068528445812
"10317.000021272",5.18308514849368,103,134.058823529412,0.94549,12.8989163893258
"10317.000052365",4.56148998980437,76,131.111111111111,0.927882,10.0058488517172
"10317.000039510",3.42268181025038,83,120.058823529412,0.793892,11.4667436422676
"10317.000067672",4.18655648575518,71,90.0909090909091,0.87794,8.7676592052956
"10317.000072169",5.92510542524863,143,192,0.971516,17.9262119621537
"10317.000101049",5.29543894018656,93,126.461538461538,0.959934,10.8428635707433
"10317.000039659",5.41546438163852,140,178.607142857143,0.93367,17.8713315273961
"10317.000090983",3.75874045344536,63,76.6,0.784484,8.1362189472502
"10317.000016344",3.44861225486454,71,110.545454545455,0.798276,10.1029994156931
"10317.000087282",4.80254955314291,97,140.9375,0.92998,12.7154394681548
"10317.000089224",5.32781352905359,126,153.333333333333,0.94626,15.1897855868309
"10317.000026474",4.48089461907529,84,113.076923076923,0.894206,11.0778855608191
"10317.000021249",5.83756130604052,150,238.772727272727,0.965506,16.5634649419007
"10317.000082715",4.15227602304865,81,102.666666666667,0.865288,10.5796503126096
"10317.000051205",4.42597862954103,78,105.083333333333,0.897478,10.8315819654196
"10317.000067673",4.28899730475321,67,84.5,0.89565,10.2778387628439
"10317.000018397",4.66415813333782,90,115.071428571429,0.900998,11.0746639008969
"10317.000001820",4.99455342505555,95,122,0.936668,12.4283815346068
"10317.000031335",4.05373954119761,76,107.909090909091,0.871014,10.2859908789713
"10317.000067613",4.46366045896077,97,120.619047619048,0.888764,13.4022534966313
"10317.000027271",3.10501998250006,68,114.5,0.741514,9.79200797037826
"10317.000108706",5.77569256029494,152,246.545454545455,0.962022,17.9769958799838
"10317.000108698",4.35103945196582,110,136.037037037037,0.858522,12.8582263786346
"10317.000035416",5.12721756321175,119,164.15,0.92159,13.2472883280958
"10317.000071440",5.08075341886778,104,130.105263157895,0.944482,13.1021620012684
"10317.000035390",4.88870442259587,94,132.75,0.926656,11.7439565014686
"10317.000084414",5.38415607312606,125,156.2,0.951408,14.3905479808936
"10317.000046273",4.9979969835857,95,118.076923076923,0.922704,11.3230243070825
"10317.000093116",6.35000434677494,189,282.84375,0.973724,20.9529421051467
"10317.000040390",5.53086850840107,118,170,0.958214,14.326516992044
"10317.000026611",4.21876812720485,89,124.769230769231,0.857004,11.7424358873864
"10317.000021279",6.06017689945068,180,279.387096774194,0.96137,21.5039359320928
"10317.000035425",5.45742913276424,165,269.516129032258,0.93639,19.3343260437237
"10317.000043086",2.81157226495416,81,159.75,0.570202,10.0981234228015
"10317.000089207",5.19380413652991,118,166.235294117647,0.9331,13.7779634886134
"10317.000100452",4.98740186437082,119,173.473684210526,0.89875,16.0797840385197
"10317.000023919",4.16702180921861,73,88.8125,0.869812,9.73126714270388
"10317.000031892",5.36087213638493,108,143,0.944158,12.4180911714107
"10317.000037567",5.5153104461943,130,190.272727272727,0.950096,16.8716045125487
"10317.000031854",4.76432520249598,79,90.875,0.935462,9.78175279273448
"10317.000093586",5.22909787976258,121,143.2,0.93239,15.5115230384866
"10317.000043177",6.17404440277384,179,290.222222222222,0.970744,23.2584177812314
"10317.000041277",4.38605506882813,74,99,0.904972,9.62898000720054
"10317.000026141",5.67007381002555,118,140.555555555556,0.962918,14.0117935147443
"10317.000034244",5.64969248500316,143,198.25,0.95719,17.1645114297264
"10317.000035766",5.00919448293594,105,135.272727272727,0.936414,12.7296754717375
"10317.000027912",4.76252168317744,87,100.315789473684,0.91596,11.6269838855916
"10317.000084338",4.98549042780124,103,130.352941176471,0.92384,13.0089640862711
"10317.000023882",4.57126505024786,95,141.75,0.892006,12.3524522136422
"10317.000063585",4.71017662033528,113,160.045454545455,0.883042,14.5788705321396
"10317.000067621",5.11568960283848,102,141.666666666667,0.94115,13.6715229559872
"10317.000103675",5.29131644042727,116,178.666666666667,0.949072,15.3141377738325
"10317.000039586",4.48706449484135,104,177.928571428571,0.901668,14.4687193107711
"10317.000103759",5.69854948201157,156,227.724137931034,0.952926,19.6413739917762
"10317.000108580",4.02038346831205,61,82,0.887384,8.63487344159217
"10317.000087193",5.32499677578621,105,117.5,0.954562,13.0048893175404
"10317.000052420",4.70277665314271,105,144,0.907248,14.3034359530642
"10317.000046178",4.3254237386716,59,70,0.905436,8.86792661211747
"10317.000039630",5.29348020520337,116,169.8125,0.945994,15.238357667502
"10317.000023030",4.58684499099849,105,127.037037037037,0.872088,12.5813987946996
"10317.000041323",4.84844155704926,132,172.285714285714,0.867272,15.6537560506939
"10317.000068089",3.93674034722882,74,93.4615384615385,0.833796,11.2518902217621
"10317.000026632",5.00118267746359,83,93.2,0.94046,11.7340721087012
"10317.000091056",5.79871955223307,134,207.928571428571,0.96221,16.081818002984
"10317.000011248",5.67541149252015,137,175.607142857143,0.957838,17.1266471576965
"10317.000023855",5.14530112200615,87,124.8,0.954732,11.1350954300349
"10317.000069333",5.59229729500779,98,168,0.971426,12.0390705250046
"10317.000028730",4.89446347242988,122,197,0.894812,15.8078635263251
"10317.000100458",4.62555580651882,88,103.8125,0.90582,11.2533413658197
"10317.000094604",5.07539768477875,99,128,0.93904,12.6439787906566
"10317.000076760",4.80846525438627,91,114.882352941176,0.93383,10.3416094697329
"10317.000068132",4.26480104617808,67,144,0.873918,10.0276185892302
"10317.000058489",3.98028083459729,93,126.157894736842,0.815916,12.2692309041524
"10317.000039755",2.963040428537,53,78.0909090909091,0.77226,7.5734553092293
"10317.000045020",5.08064872055628,81,90.5454545454545,0.945316,11.5530039616593
"10317.000027651",3.62326477095826,97,143.3125,0.741468,12.9478527843292
"10317.000107976",3.52418122125167,62,76.25,0.764242,8.36007815805643
"10317.000039549",4.32471309489229,68,89.1111111111111,0.914584,8.92691804528042
"10317.000109844",5.11568144959417,95,118.214285714286,0.945924,12.7841328807981
"10317.000015562",5.4894702439812,140,185.933333333333,0.945182,16.8966389752157
"10317.000100409",2.66130556606232,76,94.4545454545455,0.579768,10.7079027220068
"10317.000023026",5.06444108261817,94,136,0.950752,11.5351880318127
"10317.000041938",5.12003079312284,120,196.5625,0.94108,15.9120528308488
"10317.000039651",3.99941842516729,107,148.045454545455,0.822288,13.7699708458159
"10317.000031827",2.93159390418842,74,96.2352941176471,0.637994,10.5000284211264
"10317.000040071",5.48677008886104,136,175.516129032258,0.941174,17.202568695897
"10317.000020034",5.27113953945942,120,260,0.949238,16.638445144396
"10317.000108434",4.33502885593397,82,109.066666666667,0.874594,10.8500884585905
"10317.000101346",4.46781865642658,64,74.9090909090909,0.917776,8.75680933484604
"10317.000093101",4.4359853002797,87,135.333333333333,0.879682,12.1867477594627
"10317.000027907",3.98344056235902,71,110,0.842466,9.71647052665343
"10317.000054098",5.00546094621092,68,68,0.946528,10.061291190131
"10317.000040107",3.56597290279079,69,98.5454545454545,0.80449,8.89665465008473
"10317.000039730",5.24274029614323,122,165.24,0.940666,17.1336913384306
"10317.000094672",5.6552943875414,122,183.875,0.96383,15.5490958580262
"10317.000073919",4.34766761279847,101,136.0625,0.827724,12.3741675172868
"10317.000036451",4.75921332840976,97,118,0.89818,10.8786163495861
"10317.000040095",5.80927415499809,144,222.714285714286,0.961628,16.5910544181697
"10317.000040098",5.08880839118857,101,145.4,0.936476,14.5687917577305
"10317.000071475",4.3574871175893,85,114.076923076923,0.882548,13.3007752588925
"10317.000071988",5.78305629226523,142,222.454545454545,0.968164,15.6486938666875
"10317.000041295",4.16339140025788,75,98,0.864422,10.2615541553951
"10317.000002193",4.82078859959655,104,147.333333333333,0.927778,14.6257860325982
"10317.000029169",4.77841819458775,83,123.6,0.921756,10.5176111781008
"10317.000044384",6.33407256042855,159,191.757575757576,0.980334,18.4268315200778
"10317.000040315",5.71818821119492,118,181.076923076923,0.969322,14.1579197683516
"10317.000005823",4.89115364311438,86,105.090909090909,0.932754,11.2684832515
"10317.000084440",5.27489095188916,118,142,0.92289,16.4808463577745
"10317.000090095",5.38437154056487,108,130,0.956266,13.0796844527935
"10317.000084477",5.1925581139436,105,134.75,0.94515,13.4167994816149
"10317.000039532",2.82246228791763,68,119.666666666667,0.651926,10.6195957796894
"10317.000093610",4.95673045705982,93,110.647058823529,0.931672,13.2272143242878
"10317.000093646",5.37972724458851,119,172.714285714286,0.95572,15.928424047428
"10317.000082706",2.56020937579813,58,83.0909090909091,0.594308,7.82451179960329
"10317.000026021",5.13448648616837,107,124.181818181818,0.929624,13.0573219653627
"10317.000098212",5.14589901314146,113,141.333333333333,0.919988,15.4510243926406
"10317.000013462",5.72087683681997,143,194.206896551724,0.956794,17.5808117063012
"10317.000065890",3.94595812313589,94,143.4,0.780104,14.1224495568125
"10317.000003531",4.53365225666877,111,213,0.864386,14.8299312064728
"10317.000067877",4.93046676329262,101,132.166666666667,0.921544,13.4334293398428
"10317.000039528",5.6939072210952,141,190.136363636364,0.959896,18.5549187624212
"10317.000035490",5.3240178910533,115,170.647058823529,0.954008,16.3009936170947
"10317.000098190",5.1014883049087,107,121.130434782609,0.935322,12.7434259941606
"10317.000043014",4.57975220421135,67,105.5,0.929022,9.07210623552735
"10317.000036901",4.79730659429136,115,180.333333333333,0.924338,15.289600350455
"10317.000046111",5.30512553217867,120,155.875,0.949014,13.3215031199089
"10317.000052051",4.6430612015419,89,116.272727272727,0.90644,11.8428709730033
"10317.000103648",4.49142058763978,66,81.3,0.920856,9.06674680963837
"10317.000014354",5.66796305390365,146,179.78125,0.94688,17.7722902256486
"10317.000039700",3.42454747890298,65,90.3,0.798704,9.12985823863727
"10317.000028784",5.6784303794537,125,175.647058823529,0.964258,15.3336239562389
"10317.000074847",4.08963114070726,69,114.111111111111,0.897564,11.4673117252728
"10317.000083006",4.75264020882045,97,134.058823529412,0.925586,11.5984171804409
"10317.000063019",6.01659060395786,139,151.236842105263,0.972072,16.023748764716
"10317.000022633",5.59945849071296,114,153.375,0.962302,14.5588207085616
"10317.000069374",5.90083791800401,130,130.608695652174,0.966624,13.9325942034704
"10317.000025993",4.70300182439367,85,110.071428571429,0.930886,11.3757083729044
"10317.000059915",5.50382616332893,131,176.230769230769,0.960656,17.4849353181719
"10317.000022900",4.35501690943024,80,101,0.879556,10.0950207147366
"10317.000069682",3.85740483158856,76,91.7894736842105,0.85698,9.99434768956909
"10317.000028857",5.44286283667766,128,213.55,0.958414,16.8207596681416
"10317.000087036",4.87886817379229,96,162.6,0.929324,12.3576355513729
"10317.000047783",5.55700342884584,119,145.4,0.957458,14.087581853704
"10317.000051202",4.30076524119895,76,96,0.878906,10.1336460437988
"10317.000084268",4.29686575299632,65,73.0769230769231,0.909188,8.8327763254984
"10317.000040394",4.77786124181433,92,187.666666666667,0.930298,11.8253279275482
"10317.000066461",5.6649004232827,121,146.5,0.96226,14.3734359143605
"10317.000030961",5.64254292353278,127,203.555555555556,0.966866,15.6652924411113
"10317.000072429",3.60487070886533,78,88,0.797642,10.8510798551299
"10317.000051251",3.99614322489021,65,71.5,0.854646,10.1799278812276
"10317.000041534",5.43557282655351,122,153.166666666667,0.941468,14.5861054516838
"10317.000101410",4.66645995801226,82,111.25,0.912556,10.7445996723517
"10317.000028957",6.07557130427157,160,221.03125,0.972924,17.3131138960642
"10317.000108677",4.08317105346254,54,63.4285714285714,0.896278,7.91154574873316
"10317.000067697",4.45654199353,92,166.1,0.870884,13.8092280277491
"10317.000046191",4.5585896891143,56,62,0.934856,7.10017271931839
"10317.000033729",5.16040849484341,106,175,0.948358,15.0472883138235
"10317.000052050",5.53612644411594,117,170.8125,0.96215,14.9451523910591
"10317.000031582",4.3573788065491,86,164.75,0.88609,10.7645247693266
"10317.000023789",4.80270716007541,104,159.714285714286,0.90317,14.4829388755148
"10317.000027808",4.91072207684089,88,158.3,0.945046,10.6785509501523
"10317.000072405",5.68848991344816,138,194,0.961282,17.0014140041923
"10317.000021260",5.18006847085054,113,173.714285714286,0.954864,13.6177157458456
"10317.000026441",5.30260447919649,115,148.055555555556,0.946968,14.7282908114043
"10317.000072182",4.77581700264267,88,162.375,0.9355,11.5352402748668
"10317.000043212",5.07707058166914,103,163,0.947358,12.7629456851392
"10317.000031288",5.15539277511504,110,153.9375,0.934808,14.9124646850687
"10317.000039907",6.25363011232759,150,181.137931034483,0.979344,16.9730876293061
"10317.000033679",5.20123998916147,92,122.666666666667,0.941434,12.5618954922726
"10317.000072010",5.00885491837617,99,119.3125,0.938462,12.1810667525373
"10317.000018355",2.76375179014904,41,47.4285714285714,0.733264,7.39102336626542
"10317.000011281",4.82372910837131,140,286.714285714286,0.905768,17.300727390857
"10317.000039518",5.93119509657288,158,215.037037037037,0.967226,19.665827599277
"10317.000029219",4.72273213625729,90,113.214285714286,0.914456,12.1306239814353
"10317.000067841",4.08668373645564,61,78,0.885856,9.33565953431149
"10317.000098203",4.55620194475934,66,92.25,0.92489,8.63307705112305
"10317.000079386",4.41101371484271,80,116.111111111111,0.891058,10.2758621955366
"10317.000036152",5.33386324095211,106,124,0.95317,13.2502407179087
"10317.000027855",5.33815577848325,147,181.870967741935,0.925048,18.871994175256
"10317.000052054",6.02751563297132,156,242.666666666667,0.970146,18.5531206703621
"10317.000069165",5.32030208813377,105,148.153846153846,0.95357,13.0437436754403
"10317.000041334",4.95917986008764,108,161.117647058824,0.93565,14.1241884017358
"10317.000069363",3.45091234643425,66,87.2307692307692,0.792108,8.84787470170763
"10317.000036858",2.96882018282577,69,94,0.628468,8.67843805238237
"10317.000079367",4.91240549854878,107,142.454545454545,0.935736,14.4600138327528
"10317.000021257",5.45548621862808,121,166,0.960024,13.3560846070505
"10317.000069417",3.97076246277629,104,149.047619047619,0.800944,13.8475317080678
"10317.000027875",5.76126531828286,147,202.038461538462,0.964278,16.7577564133131
"10317.000041281",5.2084012716386,126,195.391304347826,0.944374,15.1835534991532
"10317.000067572",4.94068025843388,92,105.315789473684,0.925264,11.4085997116338
"10317.000031473",4.35304048597779,60,75,0.918772,9.01616027539756
"10317.000040399",4.95029208430446,109,182.5,0.941466,13.3496005463416
"10317.000079444",2.53594543500212,49,74.3,0.704686,8.02005717265223
"10317.000047815",5.05756106253398,101,138,0.942582,13.1502793783552
"10317.000065732",6.27305327493509,190,271.162162162162,0.97128,22.3351640093268
"10317.000026526",5.33019395960432,122,192.833333333333,0.946962,17.2832972778418
"10317.000041538",4.66702839311276,107,125.6,0.884436,12.9944491939977
"10317.000069795",5.64139162579823,129,159.37037037037,0.965012,15.8843576710542
"10317.000039750",5.91913701379326,137,198.25,0.972542,18.0527768189172
"10317.000031015",5.29462881949765,107,150.588235294118,0.95711,13.8013147046207
"10317.000097094",5.36869666163137,141,221.64,0.944022,16.3331894949643
"10317.000039924",4.99579135655571,104,177.5,0.94689,12.2557631947728
"10317.000043211",5.9582570087778,153,210,0.968488,17.7625727567412
"10317.000036744",4.28786109909608,107,185,0.858858,15.4861258069768
"10317.000069859",4.19214973756806,84,117.461538461538,0.852962,10.0623025197939
"10317.000084336",5.44991624564199,131,161.75,0.93159,16.2216681159919
"10317.000108709",5.37477780728536,108,132,0.9588,14.4880531771432
"10317.000035342",4.38814156059191,66,85.4615384615385,0.92666,10.3581898537581
"10317.000027859",4.86732190171694,106,139.3,0.918278,14.0001792766206
"10317.000001507",5.70383636581981,128,153.615384615385,0.963772,14.7852149945651
"10317.000074782",5.3907641274651,132,173.130434782609,0.94129,16.3139953545633
"10317.000003399",4.48456059171752,80,93.5714285714286,0.896954,9.71610420265705
"10317.000022599",5.74434362152129,124,171.3,0.969996,13.9886296626214
"10317.000090102",5.67820329586418,113,140.555555555556,0.969058,14.9743513838044
"10317.000036721",5.4215345214541,117,203.769230769231,0.958464,15.366983018796
"10317.000018332",4.90430186788504,92,125.066666666667,0.936776,11.7423004324236
"10317.000067477",4.93312701507927,106,145.375,0.92491,14.3584151590064
"10317.000039643",5.27812416792576,105,129.8,0.951228,13.5741266568304
"10317.000041307",4.88624805200659,107,142,0.919758,12.8479783655324
"10317.000039820",4.53282893656421,91,188.5,0.902396,10.7562236783282
"10317.000031857",4.81857182274398,85,100.8125,0.931868,10.1235228950435
"10317.000072161",5.81430629074316,140,200.714285714286,0.965644,17.1348374848498
"10317.000073267",4.18150443983285,91,140.583333333333,0.836216,10.4642101738905
"10317.000033668",3.80240494075763,71,98,0.827214,8.78194053858304
"10317.000090550",4.11909138973652,107,156.136363636364,0.85044,15.007190325745
"10317.000026662",4.50430791441702,78,110.5,0.90255,11.0580692750261
"10317.000040129",3.90011941781163,68,91.1,0.84194,10.4499111434306
"10317.000087261",3.14958391521215,93,163.714285714286,0.630994,12.78390266766
"10317.000108439",4.45952051048524,73,94.6666666666667,0.92078,10.2259255742924
"10317.000069861",5.36076527877911,104,160.1,0.957946,12.5608694767379
"10317.000039517",5.11469832024575,81,91.2,0.952948,10.5763576921416
"10317.000040007",4.17032346768067,61,98.5,0.911616,9.1682885630036
"10317.000020068",5.6166006125594,135,212.772727272727,0.960442,17.6334997197708
"10317.000039571",5.29218346464067,100,131.058823529412,0.956626,13.8398877306748
"10317.000107991",4.97876986478143,93,122,0.938798,13.4190869649385
"10317.000067496",5.2446065069836,133,176.125,0.924928,14.193395025671
"10317.000087118",4.97143854257601,90,127.714285714286,0.943044,12.4049820894693
"10317.000023446",3.07712113343719,37,50,0.817432,5.79472972198404
"10317.000023826",5.11113081275118,116,152.12,0.935416,15.3101170598273
"10317.000076751",3.91123830736524,83,135.8,0.797504,11.5033416670073
"10317.000082545",3.10165437158491,51,63.75,0.79888,9.21450527200779
"10317.000040062",5.40994546267684,118,163.15,0.955982,15.4900458351583
"10317.000036670",5.74362596161506,157,218.090909090909,0.959452,18.9773567063492
"10317.000027334",4.78377612396321,66,79.3333333333333,0.946388,9.84891853806684
"10317.000089237",3.20264599990215,60,77.1,0.77156,8.67699492563263
"10317.000068351",3.96818304531456,68,77,0.880988,9.60383310911926
"10317.000103756",4.89521922419276,92,130.75,0.928042,11.2821741679565
"10317.000039530",4.34337212558194,90,112.545454545455,0.863776,11.1578078945416
"10317.000034142",4.3743804172079,96,133.1875,0.870184,13.2630896661838
"10317.000062981",4.42956013197932,102,184.090909090909,0.846,14.7525699144057
"10317.000038401",4.46738711140369,67,79.2142857142857,0.92449,8.08735274734816
"10317.000102744",5.27587202519954,111,152.166666666667,0.952174,14.6829139968527
"10317.000101319",4.8417625775994,103,170.363636363636,0.9239,10.8901893414937
"10317.000072256",3.31068774792602,80,140.545454545455,0.78495,11.7236013479249
"10317.000082900",4.34013413228423,71,94,0.907264,10.6030772540082
"10317.000067743",3.65038546098587,70,83.9090909090909,0.797798,9.50412643478604
"10317.000071960",4.36616307121068,90,119.526315789474,0.865784,12.3863515167396
"10317.000065774",5.46250365933558,130,190.055555555556,0.941756,16.9940864186197
"10317.000065740",4.17626023793052,107,135.636363636364,0.792432,14.4666827934912
"10317.000036181",4.4598269109471,111,189.157894736842,0.888556,13.2744871269238
"10317.000001171",5.84880830717857,154,211.1875,0.96413,16.4473678761779
"10317.000035418",6.176028168922,171,244.483870967742,0.973768,18.7837878499442
"10317.000073243",2.88056945747794,59,73.6153846153846,0.650702,9.10202172020197
"10317.000108693",5.72413662678769,127,225.428571428571,0.968652,15.8715056596641
"10317.000089519",4.4399796645718,58,73,0.922818,8.63271382752623
"10317.000027215",5.23167237348495,101,124.882352941176,0.946074,11.3070268693425
"10317.000029157",5.54481207716156,118,178,0.959018,14.1013779632834
"10317.000013975",4.43071861627961,85,106.9375,0.901408,11.3298336671836
"10317.000040323",4.09034057463095,85,116,0.865776,10.5020808042858
"10317.000017709",5.3000540162361,117,169.555555555556,0.952256,13.7673150014594
"10317.000071445",3.62893881623191,62,143.25,0.831898,7.75616173749909
"10317.000013227",5.79390540721671,146,233.652173913043,0.965256,17.2342846274949
"10317.000014405",5.36819924269779,118,139.483870967742,0.954988,14.6378721024106
"10317.000101033",4.94218173238846,77,88.3333333333333,0.941156,10.3271674794414
"10317.000036116",4.66014730201434,83,165.666666666667,0.917692,12.7426969748107
"10317.000035162",4.65522139360065,104,159.714285714286,0.902046,14.5439967370593
"10317.000090521",4.57196298973696,102,196.6,0.883298,13.1450360319004
"10317.000022548",5.02035097880949,109,142.3,0.923678,12.8758808019623
"10317.000036878",5.40612265843681,122,144.884615384615,0.943396,14.3635090336
"10317.000026617",4.6375100161054,79,85.3157894736842,0.909542,10.5103837536742
"10317.000033797",4.48231149528902,77,104.6,0.911574,12.6589432407823
"10317.000084318",3.84170322880708,71,108.8,0.844738,9.30624583227775
"10317.000079833",4.42894021685971,71,86.5454545454545,0.911602,8.75332160288785
"10317.000091013",1.5832805615599,53,85.5,0.358742,9.03798533623962
"10317.000063058",2.73450110837228,51,81.6666666666667,0.762524,8.52106781082946
"10317.000063066",5.80148270781785,110,130.647058823529,0.97324,13.8379951837029
"10317.000106828",4.81753878860868,83,123.6,0.932374,12.7236550465093
"10317.000034236",5.56918067527511,153,203.571428571429,0.940854,21.460958166496
"10317.000042738",5.22830732021795,112,131.84,0.94071,14.1055961677056
"10317.000042026",5.5259886918935,121,167.866666666667,0.956462,13.8221050117245
"10317.000101350",2.83363000370785,81,124.588235294118,0.685248,11.1990508733388
"10317.000038393",4.08927406265413,70,116.5,0.89798,10.427394606561
"10317.000087115",4.35452782260939,86,126.615384615385,0.899304,11.9615746941303
"10317.000039606",5.23261824467536,127,169,0.937954,17.6413090981058
"10317.000027278",5.72893553934306,123,180.5,0.968646,14.4837086722688
"10317.000087104",5.65231807963715,122,141.076923076923,0.961516,15.8521083385522
"10317.000023929",4.9513738678669,134,176.241379310345,0.882018,16.3740577871857
"10317.000031001",3.94046903181481,59,94,0.852072,8.53494365197107
"10317.000017319",4.74630203471324,102,132.272727272727,0.92409,12.9437564593394
"10317.000093616",5.26161750760048,92,104.666666666667,0.950524,11.3458671518027
"10317.000028742",5.7044910439159,127,195.055555555556,0.967666,14.7631310437281
"10317.000041258",5.37836836525761,114,159.882352941176,0.953214,15.1580169094491
"10317.000103682",4.72039671770858,91,131.615384615385,0.904036,12.4911472260506
"10317.000039718",4.7601422423527,69,92.75,0.94212,8.74990094816262
"10317.000109837",5.17202052022077,108,167.125,0.945614,12.659799578836
"10317.000090041",5.36923664935995,102,137.428571428571,0.959024,14.6730456559397
"10317.000031863",5.60210860005506,122,169.526315789474,0.963988,16.3932616772704
"10317.000069661",3.86304227029623,78,98,0.810362,11.6993000684592
"10317.000023250",4.98969582592204,98,135.714285714286,0.93309,11.7153399283218
"10317.000020392",4.63378314995669,107,150.157894736842,0.877126,13.8414219805829
"10317.000034641",1.39250164892728,31,37.4285714285714,0.320088,5.97205844807116
"10317.000087685",6.32156572393874,167,309.058823529412,0.978714,19.383420082819
"10317.000041251",5.03053482842647,99,111.5,0.940176,13.1748112287057
"10317.000059188",5.75094691021005,118,162.4,0.969392,14.9288204878295
"10317.000027217",3.85882030862206,77,152.428571428571,0.797238,10.4270241865577
"10317.000069300",4.9032130212475,99,132.461538461538,0.904464,13.597294396753
"10317.000023970",4.33849778483877,61,72.7692307692308,0.92203,8.22961105507643
"10317.000023809",5.80280001187021,151,261.55,0.96615,17.9707601291309
"10317.000041284",6.10491518953182,179,265.363636363636,0.965532,20.9431549546439
"10317.000037515",5.12971966684198,124,160.75,0.937724,13.7320539327095
"10317.000067756",4.82552953814666,92,135.153846153846,0.913306,12.4888991670161
"10317.000014157",5.01120297560458,127,191.473684210526,0.905834,15.6586699904081
"10317.000103694",5.42477750927548,118,162.4,0.942442,14.6716814873316
"10317.000021163",5.26026853454808,122,194.526315789474,0.947158,14.873316196952
"10317.000042015",5.11080232326274,90,111.428571428571,0.946954,12.3922771678813
"10317.000079371",4.17247445549084,68,78.5,0.868796,8.40136663521522
"10317.000069846",5.51563057885295,115,131.24,0.960974,15.2191611370421
"10317.000048357",5.89679418052558,125,144.076923076923,0.970922,13.4615513801001
"10317.000039831",5.28904226272329,141,222.375,0.934866,17.1266657297007
"10317.000072229",6.24103142483027,173,269.464285714286,0.974938,20.4771179117447
"10317.000090518",4.90066876986212,104,143.666666666667,0.911778,12.7574625542792
"10317.000072251",5.52329925092347,125,211.25,0.955408,15.7736922594262
"10317.000022626",4.15407942823134,78,91.5714285714286,0.832584,10.7273986081369
"10317.000033687",4.89060439686177,115,149.44,0.90775,14.4813711880807
"10317.000087102",3.80270676805902,74,97.4,0.82125,10.3068328772676
"10317.000020079",4.44641615788839,101,159.235294117647,0.903138,12.842625554458
"10317.000040157",5.24228055533296,117,166.789473684211,0.943444,14.4148933234664
"10317.000100399",4.71147490869307,126,154.275862068966,0.871248,16.8510825018142
"10317.000069634",3.79349034778862,79,86.65,0.813198,11.0440434279008
"10317.000040350",4.56852701596487,114,155.130434782609,0.860104,14.2559812133278
"10317.000022597",4.05854175618211,66,87.1111111111111,0.87685,9.90807595658622
"10317.000039764",3.90566528287345,91,140.4,0.807334,11.9817741984913
"10317.000108396",4.48843481096932,74,113,0.913044,9.83537604466372
"10317.000039564",3.12610968516162,73,133.545454545455,0.768578,9.99619352346902
"10317.000026623",6.16164410805508,191,266.146341463415,0.96574,23.5751397477906
"10317.000021178",4.80140289296608,94,131.714285714286,0.91918,12.0755986253516
"10317.000038454",5.40738495162811,115,136.565217391304,0.954816,13.0761206409562
"10317.000046216",4.62783436761577,75,105,0.91675,8.71506718293683
"10317.000041950",5.10358458871403,108,149.052631578947,0.93849,13.4284268995584
"10317.000087654",4.68718988060377,101,118.4,0.902374,11.5240296958521
"10317.000035760",4.64775189575814,99,128.75,0.916082,12.8103843646672
"10317.000102742",5.3061426411619,151,247.6,0.929822,19.7353308000833
"10317.000052355",5.26574097091882,86,100.4375,0.961708,10.7641381030071
"10317.000072266",2.56356542251527,55,113.5,0.649312,7.68264326709518
"10317.000082814",5.59833864012519,110,135.833333333333,0.964146,13.0622208469562
"10317.000076210",3.5990428003424,54,67,0.79398,7.46582251542888
"10317.000074799",4.90759945614546,80,95.4,0.940562,11.0117533707098
"10317.000039570",3.02377731647761,50,60.9090909090909,0.708882,7.3578648193024
"10317.000097089",6.44905080193871,183,260.538461538462,0.978318,18.1356240765176
"10317.000041533",5.28928847625268,115,150.454545454545,0.945004,14.092585463094
"10317.000035470",5.17215488082628,116,184.055555555556,0.945098,15.4107471475315
"10317.000039808",4.74649914240506,106,138.5,0.898854,13.5825100018114
"10317.000039806",5.2448418395491,108,156.75,0.950938,13.1146339838687
"10317.000067871",5.14945893954133,103,145.272727272727,0.925258,12.5913789467615
"10317.000082718",5.45603920118615,110,158.461538461538,0.954474,14.1558248292094
"10317.000074852",5.59067762422241,140,254,0.955654,16.3170647568954
"10317.000031337",5.33390100637113,108,143.0625,0.950952,13.0069953005378
"10317.000082552",5.2386398022598,122,165.125,0.934524,13.4127340560249
"10317.000023841",5.46115849291599,130,193.75,0.950612,17.3567512876616
"10317.000027373",5.60836259849315,120,157.142857142857,0.959052,13.8072879623841
"10317.000014559",4.26885179261712,93,151.571428571429,0.88062,11.9219499658061
"10317.000090040",6.24843753402438,170,220.323529411765,0.976604,19.7460414516341
"10317.000041526",2.60531935166495,53,74,0.622916,7.83159357721291
"10317.000040110",5.93029364937317,152,201.111111111111,0.964948,18.8844169223524
"10317.000087643",4.35871737291846,74,95.0833333333333,0.902628,9.75469255208385
"10317.000074359",4.72587455429951,98,124.4,0.927858,12.7753372732907
"10317.000046193",4.94340041747484,92,109.105263157895,0.937602,12.4046712750438
"10317.000076208",5.2302738970511,103,134.071428571429,0.935746,13.6165368491076
"10317.000002252",4.00910890033645,86,124.153846153846,0.80644,9.8593026362116
"10317.000039674",4.0952991039248,98,131.47619047619,0.829232,13.9612077608541
"10317.000039738",5.52849512888303,109,133.166666666667,0.957256,14.5715050802636
"10317.000063003",4.97313734668385,109,144.15,0.922768,13.7584434680934
"10317.000027830",5.27268600780543,114,157.05,0.945258,14.2750463887335
"10317.000067530",3.78867553684288,55,68.3333333333333,0.85243,9.27261596792715
"10317.000037499",3.53279179300631,76,178.5,0.816368,11.021356766349
"10317.000082571",4.85466319661868,75,90.8333333333333,0.943768,8.92825047408088
"10317.000028866",4.22570098488425,82,133,0.888242,12.4378583562527
"10317.000093627",5.04990064297845,104,121.884615384615,0.930872,12.0210580094336
"10317.000026590",5.64589887528626,177,250,0.923868,21.8928641002405
"10317.000039557",5.9384020539875,145,179.730769230769,0.966826,16.6535065498253
"10317.000035787",4.15539687534324,68,83.8333333333333,0.859534,9.66667631941525
"10317.000108405",5.65265201481752,129,201.058823529412,0.96244,14.9103355465121
"10317.000043132",3.66371736017526,78,98,0.75697,10.2396476631792
"10317.000034235",3.03513084266149,80,117,0.717764,12.1479687155305
"10317.000022629",5.69136495665395,150,215.357142857143,0.947948,18.7663880077181
"10317.000067620",5.56064805986746,122,161,0.957228,16.0398708132183
"10317.000026577",5.43298029371028,112,153.625,0.956666,13.0965523730658
"10317.000039916",5.39486739217091,150,247.75,0.941396,18.8108307813482
"10317.000013038",5.33394902799395,132,183,0.941864,17.7870874817033
"10317.000045017",4.46001598470346,80,111.230769230769,0.912854,8.87007146131525
"10317.000031057",4.88550545243507,88,102.882352941176,0.933676,11.5772041194757
"10317.000067446",5.4885832428274,122,197.2,0.959758,15.9221961564795
"10317.000035398",4.51234619954199,82,92.5555555555556,0.883074,11.3486647769093
"10317.000039880",5.69219350067282,140,201.6,0.961878,16.4219731834138
"10317.000093098",6.5130599325282,194,275.428571428571,0.979616,22.8518432889211
"10317.000041325",4.30016034520197,87,112.071428571429,0.867856,10.8171931561947
"10317.000042014",5.84575007799752,142,195,0.967966,18.4067891319745
"10317.000031241",5.92663797691934,158,248.434782608696,0.967748,19.8020094416398
"10317.000091074",4.98884612124102,117,168.272727272727,0.916164,15.777809838468
"10317.000067469",3.96576156716505,76,108.5,0.824358,8.97973547967064
"10317.000001882",5.40722495202504,124,161.434782608696,0.94739,14.841156061951
"10317.000033785",5.91975589953524,133,172.047619047619,0.972414,17.7524014196717
"10317.000084493",4.46579656265845,67,80.3333333333333,0.90993,8.9635113714968
"10317.000108705",5.41707463904425,125,180,0.95076,15.331706648155
"10317.000022552",5.70384783164102,132,185.714285714286,0.962966,16.9056765772466
"10317.000066479",5.44034791662032,117,145.5,0.95567,13.5272797860367
"10317.000039516",4.49015085047827,100,172.769230769231,0.873772,12.7339668970706
"10317.000036164",5.15561401634564,113,140.555555555556,0.93437,13.7983145090825
"10317.000094639",4.21945847753711,87,116,0.874836,10.3009857990198
"10317.000023055",5.3643515719696,133,214.058823529412,0.945978,17.2896270214426
"10317.000068302",5.35290901657692,145,206.384615384615,0.917314,17.1414134430281
"10317.000036981",6.15026921331288,143,206.142857142857,0.978564,17.3781832020254
"10317.000027852",4.32138115669106,73,85.2142857142857,0.888816,10.0256551776512
"10317.000074838",5.28437388573474,95,135.6,0.956202,11.0265841279202
"10317.000041311",5.38430126910652,126,196.833333333333,0.955386,16.4500014356714
"10317.000097085",6.10510040821395,168,227.181818181818,0.969664,19.1454277557672
"10317.000031313",5.29281103259857,117,158.352941176471,0.941778,14.0817091124571
"10317.000028715",3.99393076580056,57,72.3,0.869162,7.98171097243288
"10317.000100494",3.32977965569435,62,101,0.787398,8.6764859344684
"10317.000023214",3.74723764808737,56,81.6666666666667,0.87275,7.55821782861286
"10317.000067770",3.63188747525266,70,101.230769230769,0.827818,11.3184687011709
"10317.000066562",4.43260414967857,103,123.666666666667,0.863682,13.4045319326169
"10317.000036865",5.81155003032371,143,216.666666666667,0.963654,16.3812776146238
"10317.000106445",4.89953392822624,91,133.272727272727,0.937142,12.2225232165597
"10317.000059200",4.93258530500338,104,178.1,0.908432,14.3167945449128
"10317.000014871",5.03691702931942,126,193.105263157895,0.913386,16.2345600813304
"10317.000067930",5.02991670294264,90,138.333333333333,0.944436,12.4168715099473
