survey_id,sample_id_metadata,sample_id_microbiome
0000904d9779a86c,10317.000072291,10317.000072291
0012cf765bb386ea,10317.000087663,
006a2c2003a5ad4e,10317.000069747,
0085eaa13a3c8236,10317.000031311,10317.000031311
008cf7e9a07d08c6,10317.000051101,
00b0859df99c8726,10317.000069687,
00cba64e3d5bc978,10317.000041532,10317.000041532
00cf1ecc6d6a99e0,10317.000040053,
00e0c333a9ee7193,10317.000101000,
00e0f1feb5ac536e,10317.000039555,
015299a2a08e32ed,10317.000039701,
017a01ecec5d9869,10317.000046125,
01b08b29be9e7a01,10317.000059162,
01ccef912a5cd937,10317.000023328,
01f13601c1537ba6,10317.000076224,10317.000076224
02124630961a0480,10317.000023237,
022c4f13c647a3a4,10317.000014194,10317.000014194
0274655d7b599890,10317.000101335,
02c14192c611012c,10317.000022606,
02e4f55a2cce50b5,10317.000039577,
030a4cb51832e25d,10317.000051201,10317.000051201
035228b6fada0a58,10317.000097102,
038e8f7233e6b221,10317.000082714,
0430d2ca4a3d8bd0,10317.000010131,10317.000010130
043dbe8aee3d3b2a,10317.000039515,
0485c503faf78534,10317.000038376,
04c2d1d245971fee,10317.000084559,
04d1affd8339b0bf,10317.000020077,10317.000020077
050fef67456fcd8a,10317.000072252,10317.000072252
052d64a2fd3dc9f9,10317.000074418,10317.000074418
05472e4222c0fbc6,10317.000041590,10317.000041590
055feb1c1bb074c4,10317.000040318,10317.000040318
0569e5211dd6e6c7,10317.000062996,
0578f54ef8f11152,10317.000072180,10317.000072180
057a328b824968f9,10317.000087652,10317.000087652
058226d9b26970b6,10317.000031464,
05d340aeb0ba130e,10317.000049729,
062cceb2cee3ca71,10317.000082703,
06528b56daa77b05,10317.000071449,
06a9cc0b7946b840,10317.000069637,
06bc8e306a00753c,10317.000087646,10317.000087646
06dd86c6689f6a58,10317.000040317,
06e11152316c8443,10317.000012071,10317.000012071
06e3343c5e88a227,10317.000063067,
072c11d68a7cbe3d,10317.000071905,10317.000071905
073a1b417cc5dce4,10317.000039760,10317.000039760
07784f290e724ca4,10317.000047841,
079d0279f9cf5c3b,10317.000041324,
07f6dd69c7753357,10317.000039645,10317.000039645
07fd64d9107e1b09,10317.000031933,
08186975f5cda404,10317.000021155,10317.000021155
0842dd0ee17480ae,10317.000066527,
084532330aca5885,10317.000018046,10317.000018046
086830b04331712c,10317.000051139,
088a467f81dc850d,10317.000042025,
08a3b93e4e0552fe,10317.000071473,10317.000071473
08ae8a59d93cfd63,10317.000031787,
08d3fce7066bd1a8,10317.000039694,10317.000039694
08dff97e1b65161b,10317.000054315,
08e1e697f0aeed41,10317.000037566,
091e33ff4f94d722,10317.000083041,
092c4f78abe9aa4c,10317.000072619,
094290f31fa68cf7,10317.000023858,10317.000023858
09a0e697f674bc9f,10317.000102625,
09b2cc3d93d37ae6,10317.000058609,
09c7c8e8de800a6f,10317.000040381,
09e135a11a84440c,10317.000023097,10317.000023096
0a338f6c13e64718,10317.000016300,10317.000016300
0a767769cace94b0,10317.000039898,10317.000039898
0a7b427d26908882,10317.000020106,10317.000020106
0a89136d4f776a44,10317.000029289,
0a8fa9f2514013a7,10317.000022551,10317.000022551
0a93f0dabad03356,10317.000071387,
0ac0db679841c1f7,10317.000015902,
0ace6dd7ab25cc38,10317.000087018,
0b1a63bcea6ebb91,10317.000021286,
0b1c8b1ac8b1881e,10317.000040003,10317.000040003
0b8bce87567ffc4d,10317.000043210,10317.000043210
0b96c78ce5564699,10317.000040410,10317.000040410
0bc2721fbe539ff6,10317.000040008,
0bf096be1bd18eac,10317.000090520,
0bf13c44c9066317,10317.000032616,10317.000032616
0bf638819c941f33,10317.000023224,10317.000023224
0c46cd13e319c710,10317.000017749,
0c8ff81e55fefaf4,10317.000020436,10317.000020436
0cd2c5aa7df32060,10317.000047795,
0d09e4f3d0fe186f,10317.000033672,10317.000033672
0d2bd7e909a80b2c,10317.000066466,
0d471aee1f09d357,10317.000022518,
0dd3ebee00130851,10317.000087046,10317.000087046
0e270bc02d047acd,10317.000066444,
0e2714fff86e196d,10317.000076218,10317.000076218
0e4193bdd719ccf6,10317.000047323,10317.000047323
0e683c28da505083,10317.000017277,10317.000017277
0e8c3bfd818d4017,10317.000022969,10317.000022969
0ececf7f585dfa21,10317.000026481,
0ecfebf9009ce02c,10317.000001454,
0ed0a18095db5477,10317.000022666,
0fa784ca363375c8,10317.000063561,
10081e25fd89b517,10317.000036433,10317.000036433
100d191caef0b8be,10317.000098187,
1042207523c6058d,10317.000040033,10317.000040033
107871fc9f893861,10317.000103839,10317.000103839
109185bc6ed25f27,10317.000087089,10317.000087089
10b58bd4566ce847,10317.000110073,
10cc46e9e2e3c121,10317.000043091,
10d060474fcdebea,10317.000044368,
10d5cdc88bf6a09e,10317.000011026,10317.000011026
10dcb2137d639165,10317.000020405,
10ea458d4390a9c8,10317.000039608,10317.000039608
10fdb08e236744a5,10317.000084344,10317.000084344
1102abb86569c823,10317.000026461,10317.000026461
11048897ba7c2156,10317.000039690,10317.000039690
11230b070ad8894d,10317.000043160,10317.000043160
11ab7cbdd8a0163f,10317.000026463,
11c026d8bf69b4e1,10317.000107258,
11d03626ebeb3119,10317.000006759,10317.000006759
127c5e918c1367a0,10317.000051245,
12b3e7b25ccd7742,10317.000033685,
12f70899144b0b0a,10317.000093397,10317.000093397
13098f7a9574ddd5,10317.000015861,10317.000015861
131bd658c95d65fb,10317.000031333,
133d6802e6f45bc6,10317.000093640,10317.000093640
1343e0d9099f092d,10317.000031298,10317.000031298
13bcf0195d5c618e,10317.000051272,
1400f6651f9d0d61,10317.000021277,10317.000021277
141aa42eeb23b188,10317.000107311,10317.000107311
1447efb573319f47,10317.000074863,10317.000074863
144d83344644ab65,10317.000084509,
145212a979cbb90b,10317.000030982,10317.000030982
145bc4ad53bdd389,10317.000026548,10317.000026548
14e3c269df6df13c,10317.000079368,
1501142f96fe8307,10317.000068291,10317.000068291
15174d1b5cc96620,10317.000100473,
15213a304a65ab29,10317.000066500,
15390ce04d14cf2c,10317.000031793,
1553958c753b6f8a,10317.000028886,10317.000028886
15b351e41fbd559f,10317.000041167,10317.000041167
15c0513db7944cf9,10317.000069306,
162d2f5cdfe0df75,10317.000036135,
1654348cebf5d301,10317.000039653,
16ef67904d6d09df,10317.000033677,10317.000033677
16efbc6f0ff8519f,10317.000093645,
16f9fada677f79d7,10317.000014142,10317.000014142
1730c91e15714aa2,10317.000106812,10317.000106812
173808f45add2c6b,10317.000040414,10317.000040414
173e142a468edc32,10317.000051102,
1741bd86c23cfe7e,10317.000093587,10317.000093587
176690dbe7598855,10317.000094693,
1771c4809afa5b35,10317.000031837,10317.000031837
17722118bd4ffd8c,10317.000074445,
178f3909ab353265,10317.000040104,
17a276c0c5d120c9,10317.000001792,
17ebe8d1b20e72ce,10317.000067525,10317.000067525
17fb61e02fdb3789,10317.000093118,
188b2c40fd805c00,10317.000069635,10317.000069635
188d8c5874badf8d,10317.000011337,
18a32b752016cc8a,10317.000031505,
18be6c0da4fce7a8,10317.000017689,10317.000017687
18c50d35b3e03936,10317.000039925,
18f01235a8702b73,10317.000039652,
190eca41e63e0ca5,10317.000107219,
192fcad946d6ebd8,10317.000073870,
19c390f59b27748f,10317.000031556,
19d9a41b12a7f097,10317.000023832,10317.000023832
19f6959fca1be515,10317.000073305,
1a0e06c2292cacb5,10317.000107218,
1a2b59e9553e2542,10317.000037555,
1a3221bf32d8887a,10317.000039542,10317.000039542
1a44c17e20bc16eb,10317.000038384,
1a52a7458578cd1d,10317.000071990,
1a83399770941e5e,10317.000108622,
1aa80381402947e5,10317.000101016,
1adefe8c0d91bd79,10317.000031501,
1af248d53d1ec209,10317.000093085,
1b034917eebbc732,10317.000039641,
1b12c2bb4a898c34,10317.000023015,10317.000023015
1b3c40523a83aaac,10317.000014942,10317.000014942
1b8cee93abf5d730,10317.000107245,10317.000107245
1b9227e0aa4b3d01,10317.000065309,
1bdff7ad579a5487,10317.000027814,
1bfef712f8b9e024,10317.000039827,
1c23959b44609957,10317.000085120,
1c2b2b767fbaaf41,10317.000100998,
1c7d5692fc23832b,10317.000065298,10317.000065298
1c8e102f08ae91e0,10317.000023139,10317.000023139
1ccb0809c93623d7,10317.000071921,
1d21b1f8416a8546,10317.000069753,
1d2d418cf4a01e3c,10317.000078775,10317.000078775
1d317ee270476bb0,10317.000090080,
1d4d20c7cece2002,10317.000069821,
1d67752bc4513d65,10317.000023894,10317.000023894
1dbdf69f55e7776e,10317.000063035,
1de5b6e0b190e56e,10317.000040168,
1e104f955e93fdac,10317.000093652,10317.000093652
1e1d40e6cd09c45d,10317.000023912,
1e260d6562113bbd,10317.000022918,
1e42245fd0976342,10317.000052356,10317.000052356
1e5174f5a9cf3504,10317.000039620,
1e66b8e9fde5a411,10317.000069339,10317.000069339
1e89ffe6ec18d59c,10317.000039774,10317.000039774
1e933da2bbbe8851,10317.000014671,
1eb01e1bf75b0fce,10317.000069731,
1eb6d0f4d2c4d0b9,10317.000044535,
1ec9474f19aa5374,10317.000039728,
1efa3237af9d6f1a,10317.000031567,
1f1066d2e0ffb506,10317.000036449,10317.000036166
1f9919eed5fb8c13,10317.000039902,
1f9d96da08e6ce38,10317.000071407,10317.000071407
1f9daf73f22e4d10,10317.000038433,
1fa49a7dade7bdaf,10317.000090051,
1fa5678994a729a0,10317.000103653,10317.000103653
1fd91472f2df3391,10317.000039842,
1ff804f0578b4abd,10317.000053443,
200ac533fbf24ffa,10317.000071913,
203b464bccdd61ab,10317.000031101,
20400f9fa692cbb0,10317.000043089,10317.000043089
207fa26ebc448823,10317.000043144,
20bac5bb02d8d906,10317.000039934,
20ce731407f518ed,10317.000108603,
212da1d0e29636de,10317.000068150,10317.000068149
21417693cd9c0e7a,10317.000022510,10317.000022510
21599b5ae838bfde,10317.000051561,
215f88b28493fa3b,10317.000038424,10317.000038424
2173420b76478546,10317.000073886,
2179aabed3e0638b,10317.000066501,10317.000066501
218a8e4681820383,10317.000039938,10317.000039938
21ac48a99ccf00f8,10317.000040376,
21c9eca28bbc4d02,10317.000026503,10317.000026503
21d81ec0f254bde9,10317.000023121,
220a2fbb931599a5,10317.000039656,
221390685a7d6cea,10317.000023020,
221515cea40c3c3f,10317.000023394,10317.000023394
222c1c3dabcbc43c,10317.000059201,
2237ae29acca5f6e,10317.000048364,10317.000048364
2285762a3ac6eeda,10317.000046183,10317.000046183
2286b5dfb489e9c3,10317.000023393,
228bbe671dc38bc0,10317.000036722,10317.000036722
22e7796db99775af,10317.000067649,10317.000067649
22f4cb5315814eb9,10317.000059161,
22f84c14c39ced5d,10317.000107957,
230c9c02c6708d7a,10317.000070622,
23396184bff81e7c,10317.000027736,10317.000027736
236a708535673842,10317.000022924,
23a4503a510e9d66,10317.000071405,
23d3d85cf14f66b2,10317.000039644,
23df573315a9deb7,10317.000072165,
23f21ce917f41308,10317.000031871,10317.000031871
23fb62e23688738f,10317.000013287,10317.000013287
241c37d1624cff83,10317.000039541,10317.000039541
2437e42e28c8a61e,10317.000034135,
2448de3ab0473158,10317.000087258,
244f9fa558236303,10317.000033682,
24701607bde03657,10317.000041126,10317.000041126
24781de68e65af04,10317.000069758,
247c02612dcfebc8,10317.000031566,
25740b9dece831b2,10317.000027828,
257e29c91e66fcf3,10317.000023889,10317.000023889
25a8dbcca48fe0ef,10317.000069766,
2640918d5b960c1f,10317.000087631,10317.000087631
264822af5657c689,10317.000079404,
26a1bc4f2a020716,10317.000069410,
26b72aa021fef1ea,10317.000033796,10317.000033796
26ceb4dd40c21ef1,10317.000044303,10317.000044303
26d21c7d1d3581c5,10317.000069622,
26ea385996c46d21,10317.000069361,
27233b3098186be7,10317.000033718,
273bad5e05d14a79,10317.000049935,
27a2ff1cb638cf2c,10317.000041224,
27f89ba3d98a5ae3,10317.000036980,
28004c80210ddb6b,10317.000033662,
282b2eaa89b05319,10317.000036045,10317.000036045
28322ca5deff54e1,10317.000067947,10317.000067946
2833277d82695f67,10317.000074857,10317.000074857
2865d1b5f385abd1,10317.000034179,
286cffa1cb837282,10317.000028908,10317.000028908
2898c7c018321bef,10317.000035429,
28a1a60d0d2dab9f,10317.000012339,
28dfb0cdd0b7e3f5,10317.000033702,
295e52dd1036d83c,10317.000048121,10317.000048121
2962d764eebf4e28,10317.000109774,
297fceefb323a844,10317.000033678,10317.000033678
298d36fc0dc9aa95,10317.000082688,
29b29c98ce2f9e42,10317.000023878,10317.000023878
29b7f6cb35855b3a,10317.000066514,
29bc655ecd1121c3,10317.000063589,
29cbeab5a2535382,10317.000049024,
29ce4d8b378d4ebb,10317.000100339,
29f5bd021b111d6a,10317.000093648,10317.000093648
29fd4dacb07aa932,10317.000100364,
2a3558b40e9a5742,10317.000018289,
2a50f17e382adefb,10317.000107254,
2a580cfaf910e131,10317.000008966,
2a902533a40bb932,10317.000022505,
2ac3bfd350901648,10317.000067558,10317.000067558
2acddebc58ed91b4,10317.000037501,10317.000037501
2ae79d7d498e11b6,10317.000062958,
2aeca9da360ad579,10317.000065304,10317.000065304
2b3d46a12b0eef5b,10317.000036680,
2b439551a604ee54,10317.000028802,
2b6b17b2ebb6771d,10317.000069384,10317.000069384
2b79f9d6db7429ac,10317.000023834,10317.000023834
2bf86966bcd5ee9d,10317.000087301,
2c0605acf189e81f,10317.000022915,
2c30796c0f2c3ac4,10317.000068336,
2c71d399967eb539,10317.000044302,
2c8d74e2a4e17c83,10317.000039746,
2cd8858b48bc93a1,10317.000072640,10317.000072640
2cf379618a5c101f,10317.000069823,
2d15c3fd14a0a26e,10317.000087042,
2d2669ef0895d45f,10317.000017316,10317.000017316
2d2ed1b568a5a663,10317.000036900,10317.000036900
2d364b74476044fa,10317.000082679,10317.000082679
2d8a30c55aece977,10317.000022634,10317.000022634
2da54cd190d8955b,10317.000039553,
2da8d65cd202e8ad,10317.000094605,10317.000094605
2db8778d8b1156a4,10317.000039698,
2de574f33527ba16,10317.000093554,10317.000093554
2e39974e0c889fd1,10317.000039649,
2e3aef9e58bbe299,10317.000067638,10317.000067637
2e41f7018d8d0016,10317.000073327,
2e58aba617284955,10317.000079450,
2e9eabe51a2e5438,10317.000041075,10317.000041075
2ed674cdea02622f,10317.000013614,
2f036daa40591567,10317.000039685,
2f0cb4bf9439f2a6,10317.000037500,
2f1328c12b690a2f,10317.000022675,
2fb2fccfcc2d5fb1,10317.000107225,
2fb4023d9dcb3498,10317.000022557,
2fde25b297f70428,10317.000020353,
302e279189ac2668,10317.000093607,10317.000093607
30c00e8ff108a905,10317.000041274,
30c4ce91e07edcb9,10317.000023888,10317.000023888
30f3d8e23d526734,10317.000013716,
312aeef49a48de61,10317.000040411,
3130a2cb28ccce62,10317.000023060,10317.000023060
315145d02aa9476d,10317.000046202,
31bc30ae3fa9aa2a,10317.000052357,
3223351b72f5cad2,10317.000068233,10317.000068233
3245808927fd492e,10317.000031847,10317.000031847
3246840f531167b2,10317.000040072,
325ac19ed2404c39,10317.000039896,10317.000039896
3266df8438362274,10317.000027268,
32719759bf48221a,10317.000030991,10317.000030991
327715c58684a8c6,10317.000052138,
32908ea05dfe0459,10317.000041540,10317.000041540
32e008bb3f19c9ac,10317.000011005,10317.000011005
32efde646f286a9f,10317.000069862,
32f0028dcff87991,10317.000051176,
32f32b7da62d3734,10317.000014549,
33008832064f66bd,10317.000108428,
336a362a696a247a,10317.000041935,10317.000041935
337b37689e20c4f9,10317.000041788,10317.000041788
337ca2072f94cf24,10317.000072244,
33bdf5eaff2e7d74,10317.000040357,10317.000040357
33f130ddf2332b0f,10317.000065923,
3405bcec3b3f4cb1,10317.000035401,
3448594743bd61d5,10317.000051200,
3451a4e168f22889,10317.000041580,
345e31c0c2001094,10317.000013105,
34f5d15acd00a4a0,10317.000108701,
3521a4970ef25de3,10317.000082567,
353c3a983243c5e9,10317.000022652,
3558dc25e0de761e,10317.000090059,
3595cf876cf8482f,10317.000037576,10317.000037576
359af242a961c753,10317.000035374,
35a0add5c446a9e3,10317.000071416,
35dfe0316569b749,10317.000051237,
35e8e9b743f3406a,10317.000090545,10317.000090545
35eff932e8efb576,10317.000071388,
360cb031ca5e4fda,10317.000026002,
3629644bd3d45b24,10317.000039519,
3636b9c6c19a2857,10317.000034180,10317.000034180
3679925fb306595d,10317.000108013,10317.000108013
36844e518f8ef0a4,10317.000039639,10317.000039639
36997473c834379b,10317.000039840,
36b151b47bef59e2,10317.000062980,10317.000062980
36d082cd60d2314a,10317.000071985,
36e07ec25c58bd4c,10317.000072254,10317.000072254
36e7ae163cd58737,10317.000108048,
36edff39da974da8,10317.000048353,
36f93f7a1058bc59,10317.000036040,
371291cfc03221c1,10317.000042010,
3723f94dca707879,10317.000022603,
37706a1e6abf0672,10317.000094714,10317.000094714
37a4701ab3727f5f,10317.000107288,
382567e3e7f2cdee,10317.000073249,10317.000073249
382f5afe6ac297e3,10317.000107951,
3885db662a8eb34f,10317.000014195,
3897a4d87813e19e,10317.000040094,
38c770f5c0c516ff,10317.000052414,
38ca67642f19b413,10317.000070621,
38d272236ef1cc5e,10317.000074426,
391129a1d3810282,10317.000027352,
3969ad849bb17d54,10317.000043213,10317.000043213
3975b92bb6f447f2,10317.000069405,
39a388e46493a654,10317.000018073,10317.000018073
39ce10014c5054c1,10317.000100442,10317.000100442
39d9725e9d6e158f,10317.000107977,10317.000107977
39e1f6aeae94cc8c,10317.000107953,10317.000107953
39e4277a2187e929,10317.000097101,
3a044fee452c73cc,10317.000039726,10317.000039726
3a07480973732f92,10317.000069638,
3a35bd09837e6f89,10317.000020062,
3a6842b953efac63,10317.000078771,10317.000078771
3ad5c3081b563167,10317.000103647,
3adabc8e7677e29e,10317.000035785,
3aec9e74e4c6c63e,10317.000072026,10317.000072026
3aff61b2147f64d2,10317.000017272,10317.000017272
3b16b7bed4007f63,10317.000108595,
3b4010ca826d7e99,10317.000100472,
3b52e5f08bd2eeda,10317.000108042,
3b803f4e1dd95bff,10317.000090090,10317.000090090
3b945f6dd65f2e9a,10317.000084292,10317.000084292
3ba933cf07f10030,10317.000036856,10317.000036856
3bc847eb56c35062,10317.000035455,10317.000035455
3c0c98effccabd2c,10317.000039650,
3c10b7c7e4b7fb3e,10317.000084365,10317.000084365
3c30db6448393e9b,10317.000082680,10317.000082680
3c587f34ace14132,10317.000073420,
3c7e4f4975c3a531,10317.000017777,
3cf051abc9d6d1dc,10317.000065306,
3d0536381022bcda,10317.000039655,
3d5f5764e5057951,10317.000017165,
3dc4b39666641ae2,10317.000103673,
3dce255e2abefc15,10317.000039508,
3e2671143af0d614,10317.000043140,
3e54f4bdc0e99d08,10317.000090547,10317.000090547
3ea3aa4fa7e5b8b5,10317.000040328,
3eba0d6d8a38cca7,10317.000068337,10317.000068337
3ebf22ae7d52d879,10317.000091043,
3eced593c414faaa,10317.000108672,
3ee1947b0dbbc7cd,10317.000039633,10317.000039633
3ee8ef1989b6163d,10317.000046270,
3f163a1169aadc45,10317.000035380,10317.000035380
3f57684c3cdf3aed,10317.000034245,
3f9321f93d4eafee,10317.000049125,
3fc9c98d20b1691f,10317.000072283,
3fca5927fd71d6d8,10317.000043085,
3fd87c6102097d7e,10317.000036144,
3feb8a8d9e5b142d,10317.000100360,
401518dcb667cf46,10317.000067794,10317.000067793
402453fbe45615ba,10317.000039658,
4025ab283660572f,10317.000042760,
4095f66ab7e894f1,10317.000089209,10317.000089209
40ad4bca67af560e,10317.000039512,
410fc96d53b7cb9c,10317.000015826,10317.000015826
4137d4235f1e4177,10317.000035473,10317.000035473
418bfe54722e7d86,10317.000096763,10317.000096763
4196da3ffa0a5d5f,10317.000052255,
41ad077c6c74b8b6,10317.000039837,10317.000039837
41b56d68575691a8,10317.000036039,10317.000036039
41e9dc0243e7fee9,10317.000038378,
4209bdad3e3cb223,10317.000067486,10317.000067486
423a7a0d00bfa494,10317.000040133,
42bf1eee80a2aa26,10317.000039838,
42cc61b8c1e8b1a5,10317.000033744,
42d3e853f12ea20b,10317.000076194,
42da348ffb6fc1b7,10317.000039525,
436b8adbc2616e86,10317.000039544,
4390649e1609ee65,10317.000020401,
43b0e9178ebf527c,10317.000069826,10317.000093089
43f71c9658b3361a,10317.000029192,
4427600834d77406,10317.000084453,10317.000084453
4430aaaaf74859e1,10317.000040093,
446f8ccea36df0a4,10317.000084355,
44e923df33f23d06,10317.000069206,10317.000069206
45579320863b98ce,10317.000051159,
45862c267a01235b,10317.000102658,10317.000102658
45c66a6295c1f651,10317.000035449,10317.000035449
45e2e83d2d7493cd,10317.000037573,10317.000037573
461136ccc42d1b61,10317.000089501,
464de661ad7dfd09,10317.000084356,
46525976239fa135,10317.000102694,10317.000102694
4653b137606264fd,10317.000050517,10317.000050517
4664c39b60d193b0,10317.000101050,
468f8471fbb279ce,10317.000027916,10317.000027916
46add08da6e650a9,10317.000026034,
470817068b6884e3,10317.000109842,
470d2348227b8d76,10317.000065662,10317.000065662
470dca69488e1351,10317.000072047,10317.000072047
476aea3b5516c021,10317.000001887,
477414c81b60d2ad,10317.000049804,10317.000049804
4792da009478d5c2,10317.000039878,10317.000039878
47d9aa57ab0fd6a6,10317.000107975,
47ddf05352cc1ee4,10317.000036160,
482bd27253f8cd3b,10317.000094748,
483fe4718b93f93c,10317.000101003,10317.000101003
48688d9816df1d9a,10317.000020332,
486a7431442f2946,10317.000037493,
4895ab13a6fac737,10317.000041617,10317.000041617
48ca609e83fa6097,10317.000028692,10317.000028692
48d1862f5d96ea93,10317.000052330,
490b1940e298d870,10317.000041569,
490e5ffbcef2ba68,10317.000066873,
492bed0e7494c249,10317.000065915,
4956f3e7c97ad378,10317.000026424,
49705533f971162f,10317.000084207,
49bc3863049d6281,10317.000023203,
49c28f0720dc7958,10317.000072298,10317.000072298
49d82c549168f9d3,10317.000054312,
49dc803e3f291966,10317.000051103,
4a3eac4465aa7afb,10317.000046271,
4a7e7a08198b5cd7,10317.000002889,10317.000002889
4a9476033ba7da7d,10317.000039578,
4aa2aa9b6d3ae0e0,10317.000100495,10317.000100495
4b2b48b84b2431b3,10317.000043076,
4b2c9d76053f23a3,10317.000023111,
4b47260b09f868f5,10317.000028690,
4b69350f10b11b1b,10317.000039554,10317.000039554
4ba1e11e68a03f56,10317.000021207,10317.000021207
4bc139dae5f8142f,10317.000065377,10317.000065377
4bcce0bb6922b97d,10317.000069310,10317.000069310
4bf4341c1ed4b02e,10317.000084581,
4c7497b38f0bf634,10317.000028809,10317.000028809
4c7bb012316b4118,10317.000027630,
4d101bd96f7e52a3,10317.000071444,
4d8a6a744e212297,10317.000036671,
4d8bc5bd786db823,10317.000037595,
4daf8805d24bbe2d,10317.000039590,
4dc93abe6d5f33d4,10317.000031434,10317.000031434
4ddc97bf52dce036,10317.000090167,10317.000090167
4ddd39ee5c48ddba,10317.000093399,10317.000093399
4e018b74f0ee7ca3,10317.000069678,10317.000069678
4e1f596b5d464a3d,10317.000046197,
4e301ec155ebb365,10317.000026015,
4e3152ccf336c291,10317.000039673,10317.000039673
4e71380570d73739,10317.000069354,
4e8abf57b980f030,10317.000058625,10317.000058625
4ea4075aafa737b3,10317.000093111,10317.000093111
4eab7d99d80a5e51,10317.000002319,10317.000002319
4eabbfd69a748a1b,10317.000065962,10317.000065962
4ec036addda292c5,10317.000036962,10317.000036962
4ecb45c0df77b7d7,10317.000031813,10317.000031813
4ed80887723b5ad8,10317.000027284,10317.000027284
4ef927bcf8cfcaee,10317.000028704,10317.000028704
4f4741d287be1cab,10317.000100523,10317.000100523
4fa3ae485bebd0fb,10317.000069674,
4fac539e33ef6022,10317.000052408,
4fc69be99244fc86,10317.000040043,
4fdc488e2d29dd86,10317.000039523,
5060c60eb116d4d8,10317.000020426,
506786b537736733,10317.000045027,
507c2db202fb35b6,10317.000018049,
509f1fcf10fb6475,10317.000017214,
50a8722a4b284612,10317.000043098,
50b7c748b4edd37f,10317.000087672,
50ba2b1bd7b3ec1b,10317.000018404,
511115c5400079ac,10317.000069411,
514d17db8aea7c9e,10317.000027669,
51737a987ea1a8c5,10317.000072104,
51c511d53c4ff455,10317.000047781,
51cecca00579eb63,10317.000039602,
51d19f46bc25605f,10317.000078795,
51fdcea8cb51ecf4,10317.000036147,10317.000036147
52a270c4e10eeac6,10317.000046217,10317.000046217
52af5d08ac3259b3,10317.000063022,
52cafc48d89677c2,10317.000031034,
52e84b6a74ccd818,10317.000067565,10317.000067565
52ecbc82915fef1f,10317.000094645,
52f24bae1d363614,10317.000052491,
52f29e975addcce6,10317.000035770,
52f3a8f97017af34,10317.000041547,10317.000041547
52f6dd760ad5b7af,10317.000052412,
5320095b0d30553d,10317.000023470,10317.000023470
533607c62a5d6e4a,10317.000031441,10317.000031441
535682e21e70ce5f,10317.000051109,10317.000051109
5371f5168a443bda,10317.000101032,
537ba92c8a2fd2f4,10317.000023419,
5389dce58b0a8a1f,10317.000022968,
538eec98656d0628,10317.000044550,
5391737cbf185f1f,10317.000051266,10317.000051266
539fc0b5f42d7803,10317.000051180,
53a68d5d5ce8f8fc,10317.000107969,10317.000107969
53b6300c6de524de,10317.000065709,
53c8cbb8bb565351,10317.000039986,10317.000039986
53dd56ad01365d2a,10317.000031257,10317.000031257
5437a82613bf18fd,10317.000035478,10317.000035478
5451a8ed53de97b8,10317.000023002,10317.000023002
5476bf37a6ec4dd7,10317.000052457,10317.000052457
547d29f6f1563146,10317.000027840,10317.000027840
54d728562d3fb2a7,10317.000066529,10317.000066529
54dda378c53c38cc,10317.000023817,
5521935d4e6cad6d,10317.000039514,
554fe8ca6fe75f3b,10317.000039646,10317.000039646
5575bbc97e95eecd,10317.000039860,10317.000039860
55fa16aaaf80c398,10317.000031480,
5608bbdba95031c5,10317.000079811,
563320d4945b7740,10317.000034147,10317.000034147
56578415a1bfa38d,10317.000039725,10317.000039725
5678186f16bf43d2,10317.000093080,
569662f45e0ccb68,10317.000093615,
56cc790c3b98a236,10317.000010715,10317.000010715
56fbc3e88d00629f,10317.000079795,10317.000079795
571d7263b3e868c3,10317.000072636,10317.000072636
575aea579ec1456a,10317.000021290,10317.000021290
5766afd45c885991,10317.000073921,10317.000073921
577ba53c466058cc,10317.000038381,
57b0d77b587dde88,10317.000087669,
57ba68c2f7e5f4f1,10317.000079790,
57fa53921c7f93d1,10317.000102723,
5816bdfee34f8f86,10317.000036050,
581d34f40f1738b0,10317.000089517,
582ca50dfe3db40c,10317.000051226,
583ddcde00b5bc7d,10317.000051099,
58547167fcdc04bf,10317.000049911,
5857857d0412b97a,10317.000079438,
585a9349e2b53dcc,10317.000022545,10317.000022545
58710a08b9f5e9e9,10317.000042021,10317.000042021
58a46a0bf2ffd9fa,10317.000031460,10317.000031460
58e1d3e4abd9b8e4,10317.000017274,
58e2b1f77a6d411c,10317.000039882,10317.000039882
5903872ef98bacd6,10317.000072168,10317.000072168
59aa0655530db627,10317.000069658,
59c64e7450ff2fa6,10317.000026507,
5a959d21d2cab987,10317.000068097,
5ab1e455ec166a19,10317.000037572,10317.000037572
5ab6f699931f29cc,10317.000039576,
5ad2aa78fa8e0a35,10317.000035232,
5ad568ff6cfdaf6e,10317.000031262,
5ad62e8809a7cb5a,10317.000036720,
5af32c3767788a3f,10317.000108599,
5b004ba34c68f08c,10317.000036855,10317.000036855
5b0c6760526705ad,10317.000044558,
5b2f4f66e5e40e1d,10317.000031519,10317.000031519
5b5d0f0a1ec300f4,10317.000063059,10317.000063059
5b9875b901780466,10317.000067933,10317.000067933
5bbf768342da824f,10317.000073922,
5bc6a3ff058d8cfa,10317.000101312,
5beb428ff9d7d2bc,10317.000031494,
5c26bccf73f16510,10317.000039819,
5c2d992822ed82e2,10317.000011247,10317.000011247
5c3e0559695ee974,10317.000069605,
5c4ac43bef5334e1,10317.000039771,10317.000039771
5c5a631f94ef79e0,10317.000073256,
5c5b57d4fd6c3294,10317.000110201,
5c7fc115de78c1c4,10317.000084418,
5ca3bda44c5271cd,10317.000036435,
5ce067ca1b729e88,10317.000003235,10317.000003235
5d447b81432a2484,10317.000062078,
5d587f7e80360d50,10317.000069224,10317.000069224
5ddb9c27df6c45da,10317.000023973,10317.000023973
5e1e7aab0d79d285,10317.000066449,
5e2b91d7c439fcce,10317.000100356,10317.000100356
5e313d35f0694b2a,10317.000046092,10317.000046092
5e3a89061a1121a8,10317.000106823,
5e66ec027f499f25,10317.000027857,
5e7c7c7b4a67958b,10317.000069689,10317.000069689
5e859fde1f3e762d,10317.000099280,
5e8647011d2d1833,10317.000029193,
5e93cb9ddc880427,10317.000039622,
5ebaa4406bd1d98c,10317.000039535,10317.000039535
5ed089b25fd4523f,10317.000029195,
5f02d7231f3b5c8a,10317.000063127,10317.000063127
5f06598e7d969dd0,10317.000036042,
5f47edd1687dae69,10317.000051263,
5f4f058bdf8712bd,10317.000074849,10317.000074849
5f5448f478c9be09,10317.000017166,10317.000017166
5f786e6a9bc3b24f,10317.000031792,
5fa48616153c37f7,10317.000052449,
5fa48b4872aa42c6,10317.000039598,10317.000039598
5fdd30ada1949fe3,10317.000046084,10317.000046084
5fdede390247e35e,10317.000040383,
5ffa7b2ce064a91d,10317.000033663,
6027cc3f7f36b01c,10317.000026072,10317.000026073
602fa416a5921b4f,10317.000082720,10317.000082720
6040a35476ca8d12,10317.000041156,
60575db9a48922f4,10317.000093606,10317.000093606
60753c6f82d26766,10317.000052280,
60773f216a9ff23d,10317.000106390,
607f4bcc9430ef11,10317.000072170,10317.000072170
60ad497dbfc2147e,10317.000030977,
60e78625c78dd653,10317.000047428,10317.000047428
60f572efd717e63b,10317.000070623,
6110d9bb0a6bf143,10317.000037489,
611ca820e3172871,10317.000017620,
6158f213d4ecd456,10317.000021323,10317.000021323
6174535b21d60387,10317.000108031,
61758ed81ea0bb32,10317.000051264,
61d2db0559167bc3,10317.000040079,
61e4f35abb1e5c1a,10317.000084413,
6207aab80e7fde08,10317.000046192,10317.000046192
62113ee6fd8594f5,10317.000079832,10317.000079832
623a974c89cc758d,10317.000031260,
62473fea338a9a33,10317.000039588,10317.000039588
624b28b74f39012b,10317.000110088,
62517fe552767265,10317.000027313,10317.000027313
626aaf84c7abe2a4,10317.000063081,10317.000063081
628289b38f87203f,10317.000065916,
6288628874df4518,10317.000036161,
6298c6df6f77d8e7,10317.000022565,
62feeee52753d66e,10317.000093590,
630978358a88a5a4,10317.000029153,
630c66a85816a96a,10317.000051115,10317.000051115
630c7b4af0cf4918,10317.000103706,10317.000103706
6388a8d58e153dcd,10317.000052003,10317.000052003
638b0b56c3e1dcbd,10317.000090178,
642c655ff0f56a84,10317.000094607,
6431b412d21c1f7c,10317.000044378,
6434d5ee1c4b85c9,10317.000043070,
64768379333ac509,10317.000073923,10317.000073923
64a0011081531ca3,10317.000090070,
64d9835feae76fbb,10317.000065717,
651a7704a7724591,10317.000041155,10317.000041155
652832e20e2ccc21,10317.000039663,10317.000039663
652becc66c333881,10317.000039708,
65741309e730b547,10317.000068295,
65d50ccbc78ab02a,10317.000083146,10317.000083146
65eca732ab0fbd9b,10317.000046272,
65ef84244b0e4bdd,10317.000039711,
65ffc2f2ce4bb523,10317.000001230,10317.000001230
663fef2ff7a55778,10317.000039693,10317.000039693
66b6bbbbb181a23b,10317.000012937,10317.000012937
66d22cae5f61ff60,10317.000021334,
672af02f39d4654a,10317.000051560,
674533d367f222d2,10317.000052406,
6764462548edbd4c,10317.000087277,
679323177612c464,10317.000037509,
67e4ccf2f7267725,10317.000090534,
6804f7ce0acc23b7,10317.000106432,
6834c9bc5cda0c05,10317.000015601,
68641da7780cb802,10317.000044340,
6865a458401ef583,10317.000074360,
6868ee5a9c031137,10317.000069681,
688e6b3dde4f96aa,10317.000027911,
68eb7901d74faf24,10317.000066878,
692c035fe4a7fa6a,10317.000083008,10317.000083008
696b3feb7f15896f,10317.000012311,10317.000012311
69769cd0a99b9696,10317.000034153,
699ad7719fcc7c49,10317.000071901,
699e1d659f4902e1,10317.000110110,
69ead2385ecec2b9,10317.000090137,10317.000090137
69ff0a1a4a330157,10317.000028922,10317.000028923
6a1d5de4267c1d08,10317.000039597,10317.000039597
6a37ed17215eefa0,10317.000084334,10317.000084334
6a4b8802c1da543b,10317.000052384,
6a63e18e5ab4d6b9,10317.000067634,10317.000067633
6aec4f6f6584086c,10317.000094705,10317.000094705
6b088ec3bb948de8,10317.000094610,10317.000094610
6bf3cb274e12a202,10317.000110106,
6bf70009e53abdb4,10317.000074853,
6c1019629245cde6,10317.000052383,
6c246355bc2248a9,10317.000106446,
6c288b699619bf23,10317.000001586,10317.000001586
6c55a0a6464903f6,10317.000058615,
6c6cfa8d1fd9917b,10317.000052298,
6ca0c880a19b2311,10317.000069871,10317.000069871
6cc492b248affb7b,10317.000048352,
6ccaf96113a8d898,10317.000044328,10317.000044328
6cde670cf6b2274c,10317.000041531,10317.000041531
6ce3e5e30dcd7629,10317.000027275,10317.000027275
6ce7e99170c53604,10317.000069407,10317.000069407
6cfbee33c1eb6349,10317.000039587,10317.000039587
6d222cf2344e604e,10317.000034154,
6d2d20bd3053655e,10317.000027810,
6d44eac001f64af9,10317.000022986,
6d95a690c20743bc,10317.000094712,10317.000094711
6d9b3905c01fd11d,10317.000039733,
6dd2ef224b00ca8a,10317.000082701,10317.000082701
6de677f9d5c621e6,10317.000039575,
6df10f09b365632f,10317.000089238,
6df67a9df92aba72,10317.000107253,
6e0533073066407c,10317.000069839,
6e07f8d2b672e088,10317.000072017,
6e3fa9c6bf008efb,10317.000039647,
6e7dbcf13f8d0bf2,10317.000041529,10317.000041529
6e82e828ab3ecea5,10317.000021272,10317.000021272
6efde5ff714a425f,10317.000041521,
6f0c9218559bc2a0,10317.000052365,10317.000052365
6f12168fb83a2d22,10317.000039510,10317.000039510
6f25b3d6f11a1156,10317.000106824,
6f38aebee2491fd4,10317.000084350,
6f4102a22c2bb4bd,10317.000013266,
6f5db74bb4d095ba,10317.000067671,10317.000067672
6f67f9d35fc7304c,10317.000072169,10317.000072169
6fcd965c9642c673,10317.000035286,
7032b40f03adf0a7,10317.000006009,
7075041510c5ebd0,10317.000101049,10317.000101049
7075f56bf4c81bb1,10317.000039659,10317.000039659
70777ec79474f34a,10317.000090983,10317.000090983
707c2253f12cb913,10317.000100991,
709aabd090b5a5c7,10317.000016344,10317.000016344
70aef166ab538fce,10317.000033746,
70ed900ca3fd49dc,10317.000039742,
70f424b438d53e86,10317.000087282,10317.000087282
718a022032cf3240,10317.000089224,10317.000089224
71b6f8b035f53ea9,10317.000026474,10317.000026474
7208d7abad35ee1f,10317.000021249,10317.000021249
72124e3c200ef293,10317.000041527,
7236416cb01544ea,10317.000001868,
725f85df921ac0c9,10317.000082715,10317.000082715
7284e62072e59f7a,10317.000041271,
72a0cf53b42b342d,10317.000051205,10317.000051205
7317164383261c38,10317.000108633,
733b022a76b81bf5,10317.000039581,
7349a392d4815c19,10317.000021143,
73507b9d48bb1d03,10317.000106449,
736e42e3f176e020,10317.000013959,
7383b7a9ceabf003,10317.000067673,10317.000067673
73bde41dd9f55771,10317.000066907,
73e43567d2ea65ed,10317.000052150,
7400cf27e23c786c,10317.000028905,
74231ea61a763e6d,10317.000018397,10317.000018397
742dd17e0b018739,10317.000026082,
74347d194e516f93,10317.000031479,
744b8ccec0eb1b76,10317.000033717,
744dfbc2b20daa5d,10317.000001820,10317.000001820
74890ab99d4cf313,10317.000031335,10317.000031335
74a42f7acc703673,10317.000067613,10317.000067613
74b01372ca0b57b7,10317.000027271,10317.000027271
74e401e54101a749,10317.000071455,
7509f286b9122092,10317.000014883,
750b7053baf4bbea,10317.000108706,10317.000108706
7530cb7a947128b9,10317.000013623,
755e27ca67934e8a,10317.000040345,
758bbea109b7eb9a,10317.000043099,
75b5b92b9c918c87,10317.000039559,
75d506e4088846e1,10317.000108698,10317.000108698
75ddd18f748e2bab,10317.000035416,10317.000035416
761879f52a79a858,10317.000039866,
765e7280d95589ca,10317.000108035,
766468f41f8197ae,10317.000071440,10317.000071440
766b9c5966d405e2,10317.000035390,10317.000035390
767aca435cd5ec6d,10317.000054330,
767c6b6b36143d66,10317.000023094,
76a7d2fb093ec376,10317.000039520,
76b27287e5e28f22,10317.000069174,
76c2b726d13efcbe,10317.000084414,10317.000084414
76e5cb5297c009cb,10317.000106392,
76f064bf204e8f58,10317.000040409,
76f5c6cfac1e300b,10317.000046273,10317.000046273
76fa566ad640bea4,10317.000093116,10317.000093116
7704da84038bb17b,10317.000040390,10317.000040390
771aced382ac6636,10317.000026611,10317.000026611
7720403cb482f401,10317.000031864,
773277907aa478e5,10317.000065329,
77854ebd56dbf8b5,10317.000097079,
77db08e51211d7e3,10317.000021279,10317.000021279
77f9e4851ac1cdaf,10317.000041309,
7836305337282159,10317.000068315,
784470f519fd2c8c,10317.000035425,10317.000035425
788801643b01f648,10317.000069157,
78a4c7015c34f8d8,10317.000043086,10317.000043086
78d3979a3fcc6998,10317.000030962,
78f1a67a983ece6a,10317.000072292,
78fd8030923ce84c,10317.000065658,
790b5dfd64a22c1a,10317.000089207,10317.000089207
79136e187606f38c,10317.000100452,10317.000100452
792528a5c7f62622,10317.000023919,10317.000023919
79a82b083c53f346,10317.000031892,10317.000031892
79b46804b96defe4,10317.000029175,
7a0e3f24b5b46347,10317.000040092,
7a1fd0ebd9310ed8,10317.000018335,
7a29c08796d441be,10317.000087095,
7a562f4710bdbd5b,10317.000082547,
7ab07a03a4ab0bef,10317.000022676,
7ab7d970420dbe0a,10317.000035345,
7ac645ed2e3ef75b,10317.000038389,
7ae29fa01812eb68,10317.000011189,
7af9bdeed15f9d43,10317.000036207,
7b775b08b6ec2561,10317.000037567,10317.000037567
7b9f310e370d4bbf,10317.000026069,
7b9f336a101bbf63,10317.000031854,10317.000031854
7bb5e6c61b4fcc2b,10317.000069615,
7c03f7a5653ded77,10317.000093401,
7c0d98703fc17911,10317.000039801,
7c22835b105edaa0,10317.000044418,
7c5cb8e380b3618e,10317.000093586,10317.000093586
7cb1198639b673f0,10317.000043177,10317.000043177
7ccda3715f3a1f7c,10317.000041277,10317.000041277
7cd73f2de3b0294d,10317.000026141,10317.000026141
7d0915367e58540e,10317.000023217,
7d16f55b79685bd8,10317.000034244,10317.000034244
7d2447ca3a96f396,10317.000052524,
7d2828208ab772a9,10317.000035766,10317.000035766
7d4bda6a812c23cd,10317.000029186,
7d53fd7e1dc58ff2,10317.000066469,
7dbef84818b32229,10317.000027912,10317.000027912
7dce26d351aa8421,10317.000013027,
7dcf1bcbbea87c77,10317.000084338,10317.000084338
7de1971a9e84e922,10317.000033701,
7e2c590691b45ec5,10317.000110167,
7e3de2d51e059b02,10317.000073885,
7e56716e9bf86d87,10317.000023882,10317.000023882
7e5a29cdda1661de,10317.000063585,10317.000063585
7e7afa6002333882,10317.000067621,10317.000067621
7e900c87089a29d1,10317.000069307,
7ed4a253171d4eb8,10317.000034194,
7ed7a08f5bbb6651,10317.000054325,
7ee4fbb33539b25d,10317.000103675,10317.000103675
7efe31eaedaca0aa,10317.000068304,
7f36edc9612a92e5,10317.000039586,10317.000039586
7f445a0e3c31d344,10317.000090195,
7f8d4d6dd8e1b92e,10317.000073912,
7fbb547147ddfd06,10317.000031856,
7fec3dc55025b876,10317.000103759,10317.000103759
7ffa062fe5c8ec2d,10317.000012018,
800dc9868f50663c,10317.000108580,10317.000108580
80119ce34a8f6548,10317.000087193,10317.000087193
801405e7448757e8,10317.000052420,10317.000052420
8045769d1101b663,10317.000035765,
8049ddf097a69994,10317.000102834,
8071b8d442d61476,10317.000091004,
80768349e7136900,10317.000046178,10317.000046178
807bc001985659fc,10317.000039824,
8086cda846a56b1c,10317.000039630,10317.000039630
80aa43ed5335e33f,10317.000058475,
80aad40ecc231676,10317.000023030,10317.000023030
81051dd28144bb71,10317.000040073,
8109222b3a64b433,10317.000039731,
810acd056db69db4,10317.000041539,
8117c93adcb26827,10317.000023845,
813a25b65b329753,10317.000040177,
813b42d257e36c5d,10317.000041323,10317.000041323
813cd0e410e6ebbc,10317.000068090,10317.000068089
81665c2f42cabe01,10317.000033783,
819e3973f38ed9c4,10317.000082968,
81ca0309611bfb26,10317.000026632,10317.000026632
81d0b1d0f04fcc2e,10317.000043100,
8206c6d8973656e0,10317.000091056,10317.000091056
820e842b73613686,10317.000052064,
822800f586a205c1,10317.000011248,10317.000011248
823d49948d478b21,10317.000033664,
827de596429531f5,10317.000023855,10317.000023855
829b266548c48e11,10317.000069333,10317.000069333
82c5333fd415f906,10317.000028730,10317.000028730
83010dcc90b33971,10317.000037585,
83296d755845be49,10317.000100458,10317.000100458
836fe9dc59f3feb4,10317.000094604,10317.000094604
83758f8cac412f9a,10317.000050505,
83818359c2e597e9,10317.000073916,
83b987e637f26443,10317.000076760,10317.000076760
83d37d4508bbd1e0,10317.000068132,10317.000068132
83ec54a59bbcda9c,10317.000043166,
8415641d7865ec73,10317.000058489,10317.000058489
84531f2fb26c4817,10317.000038483,
8457759f110ef199,10317.000039755,10317.000039755
8458d5e785133540,10317.000023862,
845b3817593d477b,10317.000045020,10317.000045020
8480564181cc3b36,10317.000027651,10317.000027651
848f8c73c56a38b0,10317.000107976,10317.000107976
84b9241fc5bb25c0,10317.000039549,10317.000039549
8535ab16a333daa4,10317.000109844,10317.000109844
853df6a15d131b2c,10317.000015562,10317.000015562
85462dec16f3dde2,10317.000036129,
8583391ebfa19521,10317.000100409,10317.000100409
85a4f3ecd179d00e,10317.000023026,10317.000023026
85b2a48bf2c663ae,10317.000041938,10317.000041938
85f6648e1b21a310,10317.000039651,10317.000039651
85ffb2d78e0eecea,10317.000021154,
8606d8eddf06e4d7,10317.000031827,10317.000031827
865035e37195b971,10317.000040071,10317.000040071
8663ae76812fc2a4,10317.000097614,
86bfca0a9ce93731,10317.000020034,10317.000020034
877401fb186201be,10317.000035436,
87806d3d540226ad,10317.000108434,10317.000108434
8782f5c4fd2535e0,10317.000039648,
878486bf327fc241,10317.000101346,10317.000101346
879588551c6840f8,10317.000093101,10317.000093101
87aafc4bde839518,10317.000027907,10317.000027907
87c55a076d8bec90,10317.000039574,
87cad25523e551a5,10317.000033723,10317.000054098
87d8e62f067fd2b3,10317.000040107,10317.000040107
87e932169348c457,10317.000039730,10317.000039730
8818dda852a728cd,10317.000071998,
882856b526724a6e,10317.000039719,
8858d28934acd778,10317.000046077,
88920bed81bf1c4c,10317.000026598,
88a68e06cc5e4662,10317.000094672,10317.000094672
88a828e32d34431a,10317.000073919,10317.000073919
88c3ff502faea317,10317.000051204,
88d5f4f004e64a11,10317.000022525,
88e153ce6654cf17,10317.000038426,
88e6a49172224a23,10317.000039761,
88ff01eef80eecef,10317.000039904,
891596cfbc079669,10317.000036451,10317.000036451
89462b001a167038,10317.000040095,10317.000040095
894e35421348c507,10317.000046072,
896da5c154d4bfb1,10317.000031445,
897f70855d05c9e4,10317.000040098,10317.000040098
89b4f69e9b20f4bd,10317.000001040,
89b63dedc00b5a85,10317.000097082,
89c4b570bb67fa53,10317.000071475,10317.000071475
8a3badbb20fd1a73,10317.000103699,
8a3d18c3b2e1708b,10317.000069412,
8a7645107964854e,10317.000071988,10317.000071988
8adac985cb0bb13a,10317.000103792,
8afeaf6794153808,10317.000041295,10317.000041295
8b094173ba527d72,10317.000035471,
8b524a085b9a9606,10317.000002193,10317.000002193
8b9ab247b4816f7e,10317.000087636,
8ba56fef6c948227,10317.000029169,10317.000029169
8baf43ed359aa6ab,10317.000044384,10317.000044384
8bbd146d4ee22063,10317.000040315,10317.000040315
8c1729f015264a86,10317.000005823,10317.000005823
8c542b59033ec552,10317.000084440,10317.000084440
8cf6442805c0c5e1,10317.000051248,
8d767a4e485cbeb9,10317.000071425,
8d79573ee18f401e,10317.000026535,
8d954015e26c5d23,10317.000102681,
8da612608b409bdd,10317.000069776,
8dcf994597a96f50,10317.000090095,10317.000090095
8de89d077b4e085e,10317.000106834,
8df192c2e4f0a294,10317.000084477,10317.000084477
8e58295840eb58e9,10317.000039532,10317.000039532
8e6fbe15a23f72c9,10317.000023017,
8e8f161eb86c0a81,10317.000084293,
8e9fb1f85d9e2257,10317.000093610,10317.000093610
8eae2b4bf30e7422,10317.000093646,10317.000093646
8eae8e538e492136,10317.000082706,10317.000082706
8ed6f437c1e3cd44,10317.000069155,
8edf2a92b224be34,10317.000052028,
8eeeaee93b483db7,10317.000030981,
8ff107cc693513b8,10317.000072120,
904b4f3112f1cec3,10317.000028712,
904e2b68df9d4fbb,10317.000026021,10317.000026021
9085b8b502c7f1d9,10317.000072247,
90abd11ec94fea61,10317.000066894,
9154f35f9622417d,10317.000098212,10317.000098212
91b730412dca5556,10317.000027853,
91c2f1c68043235c,10317.000107240,
91cadb4f93457a61,10317.000066899,
91e2ecb155fec10e,10317.000013462,10317.000013462
925071afe580960a,10317.000066909,
92b094843d6cbfa7,10317.000065890,10317.000065890
92cc92a61eb1a304,10317.000003531,10317.000003531
92f64a63eda7397b,10317.000040321,
930f6016ffe5c5ac,10317.000067877,10317.000067877
935e7bc2a8c92a1a,10317.000074434,
9398f8ea12bba668,10317.000039528,10317.000039528
93aa43f1b5572c00,10317.000035490,10317.000035490
93bdea48ee3f206f,10317.000098190,10317.000098190
93eafbcd330b3a4f,10317.000046263,
94019aa1c0af3d2f,10317.000043014,10317.000043014
9416d088e4752da5,10317.000051992,
9436a54e3aa33b40,10317.000072152,
945fe84389642ff9,10317.000072557,
94871930964f6a16,10317.000036901,10317.000036901
94a92387be47fdc3,10317.000026522,
94b9f2907593480c,10317.000102616,
94d1457b59733ecd,10317.000046111,10317.000046111
9504d9dcc51fd1de,10317.000082933,
95076fba419bb676,10317.000039626,
9510313f77968b77,10317.000052051,10317.000052051
9518fcab99969129,10317.000103648,10317.000103648
952f7a2cd805d451,10317.000041530,
95459f7f901bad40,10317.000052344,
95a4b0d2146bb1b9,10317.000107250,
95a90d80a3912382,10317.000079062,
95aa3bbba0a69fa1,10317.000014354,10317.000014354
95b5d24c101140d9,10317.000101019,
95d84e490d33a4bd,10317.000031284,
95f92722c0154a4a,10317.000039700,10317.000039700
9604e0c31486e40c,10317.000045002,
963f193e26ad33bf,10317.000028784,10317.000028784
9651a119d965a843,10317.000074847,10317.000074847
96a5b067dc5e38f6,10317.000082670,
96c085819e34261e,10317.000083007,10317.000083006
96db7fa19894ada2,10317.000043227,
974e0505f9031aa3,10317.000063019,10317.000063019
9763d996b2e5dc0b,10317.000041282,
97750007d482e176,10317.000047568,
97832fe4e1e86edd,10317.000022633,10317.000022633
97f0b4f308440c6a,10317.000072359,
97fe9804de609ffa,10317.000094615,
982c9aba35ff20de,10317.000069374,10317.000069374
983d8c349af1811c,10317.000025993,10317.000025993
98c208da3300dcff,10317.000059915,10317.000059915
9928ed54b1b27585,10317.000022900,10317.000022900
99451a1cab64e89b,10317.000022499,
99acf8e887f91464,10317.000030976,
9a4b80ac9e383aee,10317.000012132,
9a50a218fa2aa57e,10317.000044557,
9a69c5db35273e26,10317.000069682,10317.000069682
9a6fcecb519b9a12,10317.000028857,10317.000028857
9a8f886d2960a245,10317.000087036,10317.000087036
9a98fa63ef4fb839,10317.000052409,
9ae2feaa17805af7,10317.000047783,10317.000047783
9b078c494d67673a,10317.000036963,
9b2d1be817613a1b,10317.000010218,
9b3e8fa3decba02b,10317.000051202,10317.000051202
9b60bcf510badd3a,10317.000022555,
9b7e7adaa15cdaef,10317.000093611,
9b93df8c54d1deab,10317.000084268,10317.000084268
9ba6d6d6b78be844,10317.000040394,10317.000040394
9c04afd8b2f9608e,10317.000066461,10317.000066461
9c1a0c73b0d9b6c6,10317.000030961,10317.000030961
9c2880a3705b7578,10317.000072429,10317.000072429
9c4a19a2cfca1704,10317.000082687,
9c5f4f1f71816206,10317.000046251,
9cd7d5f180ce3516,10317.000051251,10317.000051251
9cf2a7195ea77756,10317.000049936,
9d6cba266f7cf2d4,10317.000094626,
9d8adf2d221f27dc,10317.000094658,
9d97cd3ffd67a78f,10317.000069825,
9d99d6538e9bf340,10317.000041341,
9dae4adc9e389cdd,10317.000041534,10317.000041534
9dcf2e2ba58c1105,10317.000043194,
9e12a0c36c63dddf,10317.000029164,
9e158ba782b35ba9,10317.000016500,
9e3824e6609926bb,10317.000043162,
9e7fedcbde023fca,10317.000101410,10317.000101410
9e890c2ad22affa6,10317.000042030,
9ea3761a79a69dc6,10317.000035338,
9ebbf5d8ca948d8c,10317.000028957,10317.000028957
9ebf3840f3c732f7,10317.000108677,10317.000108677
9ed9e884808557e2,10317.000036864,
9f6baa698dbf49ec,10317.000071438,
9f71e34ddfc41956,10317.000039529,
9f820c4e4b749c30,10317.000031499,
9fa361130c35b713,10317.000031476,
9faa2c3d3b9e48bf,10317.000052403,
9ff45f06cc2f291e,10317.000031788,
a0041416ec9517d0,10317.000049749,
a0094f4d120aedbc,10317.000059847,
a072fe193d41bf19,10317.000067697,10317.000067697
a0fc0e9ef98ae3fd,10317.000051199,
a16d710d9a6b78ac,10317.000067646,
a176c5fe063eb4b4,10317.000065705,
a17be6127ad55a05,10317.000103712,
a17c7e5be8aeb2c2,10317.000023341,
a19f0aa4332a41b1,10317.000027826,
a1c9817d21bf5206,10317.000046191,10317.000046191
a22405f07030d320,10317.000101030,
a24c423e6b9a62c7,10317.000033729,10317.000033729
a28a3f172831217d,10317.000072050,
a29a434cc5d454d5,10317.000051191,
a29fc431efc2620a,10317.000093086,
a2b50f5cf5ba9d59,10317.000052050,10317.000052050
a30bdcce63fc3e7b,10317.000058606,
a35970ec67a8303b,10317.000039524,
a3b8b4eb1fbb2473,10317.000073579,
a3cc3e382ec3368c,10317.000069644,
a3efe9295e02ebae,10317.000023823,
a3f30f65975f5146,10317.000023110,
a4014870450101ff,10317.000031012,
a40e33f33a69d880,10317.000035272,
a41e15f5cd77d251,10317.000069695,
a428cea0fc3d223a,10317.000031582,10317.000031582
a4456bf28b354db6,10317.000028748,
a4873f2297254e23,10317.000023789,10317.000023789
a492e31ef6959def,10317.000027808,10317.000027808
a4a08dabd877fb1e,10317.000051168,
a4bec455258e7a3c,10317.000072405,10317.000072405
a4df612a66edd200,10317.000071412,
a4dfa135d8483fc9,10317.000074442,
a50d8892f90c3ac3,10317.000101320,
a5172cb45719f8ef,10317.000021260,10317.000021260
a518e591d9185c43,10317.000074843,
a521a0763fd62018,10317.000051094,
a54d4bf294cc7c4d,10317.000026441,10317.000026441
a56edfab8b2981db,10317.000072182,10317.000072182
a59fecaf06cd7aee,10317.000043212,10317.000043212
a5db69366b4ab523,10317.000031288,10317.000031288
a5e7258e1a6aa2de,10317.000072013,
a60f59e1782d7074,10317.000039907,10317.000039907
a6f6fbb170519def,10317.000033679,10317.000033679
a6f8e13874bc1d4d,10317.000072010,10317.000072010
a7349cc5f9816836,10317.000065303,
a736780e4fa45c86,10317.000059879,
a754363f7517baf2,10317.000018355,10317.000018355
a76453b4eac0b0e0,10317.000031909,
a7da8e6297af1992,10317.000018317,
a82045347a5aa156,10317.000066900,
a82b5c0b78f181fa,10317.000011281,10317.000011281
a844fc9f4a201afd,10317.000041626,
a86855883326fb75,10317.000039518,10317.000039518
a89a11d1349693b2,10317.000029219,10317.000029219
a8a17dcb172304e7,10317.000067841,10317.000067841
a8cabaf4996a7afa,10317.000038425,
a8f125cc3a5a9cad,10317.000051582,
a9048e58570cdb0e,10317.000031868,
a9049486904a4c5b,10317.000023793,
a98ba125897185f3,10317.000098203,10317.000098203
a9e439c65202bf76,10317.000022566,
aa288182815e5bf2,10317.000036146,
aa6154f7709627de,10317.000079386,10317.000079386
aa70fbc91c416097,10317.000036152,10317.000036152
aa9fd6ae49b0be5a,10317.000027855,10317.000027855
aacd9086211e101b,10317.000107590,
aaf0cd981fa049db,10317.000052054,10317.000052054
ab009c8725d496da,10317.000040165,
ab34f2f6f840c765,10317.000069165,10317.000069165
ab3d6e9b63639745,10317.000031514,
ab5a89064318e60c,10317.000041334,10317.000041334
ab7ae1fc61c3d0bb,10317.000031838,
ab7d2082cd35c782,10317.000108664,
ab889181c127a8da,10317.000037568,
abe487def8f9bc40,10317.000069436,
abe6bcb946ca601c,10317.000028920,
ac25eb01cb3689c0,10317.000102832,
ac3511b5f458abff,10317.000069363,10317.000069363
ac59af68d8b466e7,10317.000039720,
ac5fe0cde8bf607f,10317.000036858,10317.000036858
ac642c1cfaeeda4a,10317.000079367,10317.000079367
ac8cb55fa886acc5,10317.000021257,10317.000021257
ac9a0c813e0c1d90,10317.000027730,
acbecbd6bb2365b7,10317.000073918,
acf83da48eaef565,10317.000085102,
ad11153459efa462,10317.000069417,10317.000069417
ad12e23f32f5dae4,10317.000028849,
ad3bbd068d390579,10317.000027875,10317.000027875
ad651c67aab9ed01,10317.000041281,10317.000041281
ad7866849cf0a4fa,10317.000067572,10317.000067572
ad80917fc1d0363d,10317.000023359,
ae0705a7646d9ba3,10317.000031473,10317.000031473
ae35510e90e1f92a,10317.000035783,
ae3588d05571e4ec,10317.000040399,10317.000040399
ae39b140a556e0c2,10317.000079444,10317.000079444
ae6a455e523104df,10317.000072174,
aeadd6f4ac7a4bdc,10317.000047815,10317.000047815
aef9fed814854c0e,10317.000065732,10317.000065732
af421905469eb7a3,10317.000026526,10317.000026526
af7b4fc1e407c9a6,10317.000041538,10317.000041538
af920346ac9f00ff,10317.000035771,
af9d5d8337281a15,10317.000069795,10317.000069795
afcdfb0958365715,10317.000078764,
afd344de700c2e35,10317.000001837,
afd8c9356f8449af,10317.000026421,
afd95ff8432c3d02,10317.000066943,
afd9f5818048d527,10317.000039681,
afecda7d7aeefacb,10317.000027666,
b01a45c00dfe2e78,10317.000039750,10317.000039750
b060ca2e5dc7ff0a,10317.000093567,
b09f0e992f8ef4f4,10317.000027702,
b0d0e6dce0f1cc32,10317.000031015,10317.000031015
b0f507f0f074ebb6,10317.000097094,10317.000097094
b12e427e7c5e54ba,10317.000040330,
b137a01f8cd7c84a,10317.000072552,
b158b0a4a1694c9d,10317.000039924,10317.000039924
b18e2c2cb03dd56a,10317.000013416,
b1a58321d1049952,10317.000038418,
b1a691619b78d8c8,10317.000023006,
b1bfb3f82c5843c8,10317.000108389,
b1c64b94c9038047,10317.000043211,10317.000043211
b1d7c779db903737,10317.000036746,10317.000036744
b1fb46a15ad4f718,10317.000039593,
b1fed0eac6ac0a44,10317.000069859,10317.000069859
b22fa03f43a82cdc,10317.000066879,
b24a4d5b23e1a752,10317.000037534,
b25b23442db35916,10317.000084336,10317.000084336
b26b24525dd4ee8d,10317.000031269,
b2c7e71cd756f7d4,10317.000012376,
b2de0be2b11f0237,10317.000108709,10317.000108709
b30e78bf46f3c046,10317.000035786,
b34723c5ed130d23,10317.000052274,
b3bdb6a6728d9305,10317.000066454,
b3cc008136358f6e,10317.000071474,
b3d1311f1b4f70a0,10317.000035342,10317.000035342
b3d164184588943b,10317.000101331,
b3db2a753c969aa0,10317.000027859,10317.000027859
b4176ac7ed29c87b,10317.000021165,
b4271a1863f7c658,10317.000038482,
b439856a49131ea5,10317.000108005,
b493b15f5b227158,10317.000001507,10317.000001507
b4baac8018a9ab7e,10317.000074782,10317.000074782
b4c44f9ab57d49a6,10317.000026601,
b4ef688a5817b2e2,10317.000003399,10317.000003399
b50128d996431381,10317.000022599,10317.000022599
b52110ab51718931,10317.000035273,
b525aa457c78563c,10317.000011356,
b542c332085e5764,10317.000090102,10317.000090102
b54c008683be11c8,10317.000094657,
b57bcc0887dc6800,10317.000036721,10317.000036721
b57f73f6473cef31,10317.000018332,10317.000018332
b57fd9def1f882a1,10317.000023218,
b5cf06a121b46f2a,10317.000041312,
b6109a3302ea9639,10317.000040408,
b63175f78c483199,10317.000039985,
b6407817df79b4c9,10317.000044364,
b641d890b5fbb338,10317.000072553,
b6568ef75e06ef68,10317.000067480,10317.000067477
b65fa47428919380,10317.000039643,10317.000039643
b6b1f5500f8bec30,10317.000110095,
b6b5a5e64e0c4050,10317.000041307,10317.000041307
b6f58fc8eedcdc93,10317.000039820,10317.000039820
b73fa829c80ce411,10317.000108417,
b780af7f00364029,10317.000031857,10317.000031857
b79a07e856dbea6d,10317.000072161,10317.000072161
b7a1ac249f2976ac,10317.000110065,
b7c36b028100154e,10317.000039929,
b80e6067b45db64a,10317.000048359,
b851bcf9a0f38146,10317.000071452,
b871aae6bc74be06,10317.000073267,10317.000073267
b87be0d24f29b97d,10317.000033668,10317.000033668
b87fc710ed6a2341,10317.000039624,
b88d7612a0f48923,10317.000090550,10317.000090550
b8b84d901dafcaa6,10317.000026662,10317.000026662
b8d62276ce63da93,10317.000031468,
b8e0c37cdb4655aa,10317.000022977,
b8eb2d8e6198bc20,10317.000084622,
b906a59151168ba4,10317.000040129,10317.000040129
b915906ae93460f3,10317.000039585,
b93bb42a56aba968,10317.000037551,
b95de0a32b8fb702,10317.000029244,
b95ef46ef3903c9b,10317.000087261,10317.000087261
b96cf970b77f75c5,10317.000017626,
b97d9a14c200feaa,10317.000044539,
b98a99f515dac596,10317.000108439,10317.000108439
b98c5ac966b754ff,10317.000031535,
b9ab35b3676a2911,10317.000069861,10317.000069861
b9ba1e1ad4c8947b,10317.000058621,
b9baa7a6f34a8dd7,10317.000033684,
b9c0b58cb7101189,10317.000039517,10317.000039517
b9e85e6a4ded45e9,10317.000040007,10317.000040007
ba8303ff447a2fab,10317.000020068,10317.000020068
baecf0ced0b0dc5a,10317.000022961,
bb3f0c927ce826cf,10317.000044423,
bb8bfe98b7cb60bc,10317.000090533,
bba577e97ae2b2d4,10317.000035469,
bbb61e40be95b127,10317.000106474,
bbb94004a645a54d,10317.000039571,10317.000039571
bbd9654d992aae5a,10317.000044555,
bbfdd73d41aca684,10317.000102631,
bc1f90f4b3e12577,10317.000101411,
bc22ab4356f9c355,10317.000034231,
bc3376dcfbe8fcad,10317.000069875,
bceb3032f531cedc,10317.000076283,
bd0b2ab990b94946,10317.000107991,10317.000107991
be091d5decbaed84,10317.000079780,
be1611827a2df58d,10317.000043133,
be173598e74f3503,10317.000103742,
be309d87d5ec5adf,10317.000067494,10317.000067496
be6b62a040c0c3fd,10317.000087118,10317.000087118
be7350ab0d81c982,10317.000005990,
be89dfde38e22b1c,10317.000023446,10317.000023446
bee1b3d64c6cb0f5,10317.000023826,10317.000023826
beec13636ce26611,10317.000040362,
bf3de5e672b8be34,10317.000022898,
bf658539c760f7df,10317.000036668,
bf8815b929ada3df,10317.000109836,
bf8c774ad1b4d75a,10317.000023840,
bf93e6454f402c70,10317.000035767,
bff2434e37819079,10317.000047571,
c01486430906ee7e,10317.000076751,10317.000076751
c038f6c97dc3c4fa,10317.000082545,10317.000082545
c0451f5d6e75f074,10317.000014649,
c0897306b8557531,10317.000052245,
c0a7d51246bfe86b,10317.000039618,
c0a94d3d16b93fac,10317.000042002,
c0b70608dee9210d,10317.000110078,
c0c73c41828c4a41,10317.000106431,
c0f4a3665d2bf063,10317.000063078,
c131d4de882b3bc5,10317.000040062,10317.000040062
c1373cdbe4ee0b16,10317.000036670,10317.000036670
c19df0bd1e394b44,10317.000027334,10317.000027334
c1abbb3581250af2,10317.000089237,10317.000089237
c1acf7f7eebc7074,10317.000068351,10317.000068351
c1ba96f8c84ab147,10317.000103756,10317.000103756
c1e6315cbfb4608d,10317.000039530,10317.000039530
c1f124263f9ab88b,10317.000013244,
c1f694767e69c9b1,10317.000034142,10317.000034142
c20b8ac01e939a04,10317.000062981,10317.000062981
c2135440a24e6991,10317.000040156,
c21d7e812bde8e74,10317.000039828,
c231353aa9f305fc,10317.000042995,
c27f88c43376ed35,10317.000093644,
c29d76d73fa79fe9,10317.000072559,
c2c16cd5f0abfbd7,10317.000026613,
c2f0e85feb74a932,10317.000039615,
c344c47f1ab093b7,10317.000108616,
c352c810b4398f1e,10317.000052358,
c36d2765b224729a,10317.000063074,
c3a05193f8d8e230,10317.000038401,10317.000038401
c3a07565d94e848d,10317.000076193,
c3ff28c6e1c7cc98,10317.000039988,
c4029a99539ed5da,10317.000069188,
c416df9856d1a35b,10317.000102744,10317.000102744
c446e36d0147de86,10317.000065859,
c4517d37287eac09,10317.000101319,10317.000101319
c45c1532309ca315,10317.000034150,
c45d742a76ba087f,10317.000103659,
c462e4929d8ef8cc,10317.000069211,
c47c5ff68e4f8dd9,10317.000068411,
c5014db930d7c2a4,10317.000043198,
c5271cc8d983430a,10317.000036159,
c53250683640baf5,10317.000072256,10317.000072256
c5470ca21e26f8ae,10317.000082900,10317.000082900
c5d90e65e243b7e9,10317.000066472,
c6973d21c1e96e47,10317.000083088,
c6a40c3a61a76bd5,10317.000067741,10317.000067743
c6a7bb846a4dbcda,10317.000042029,
c6c693499bcad22a,10317.000071960,10317.000071960
c6f548928944c2d4,10317.000065774,10317.000065774
c72a4161877f234a,10317.000065740,10317.000065740
c72e6b00812bfd9f,10317.000018400,
c7335d15c0e2c9bd,10317.000040061,
c7bb620bbd738bb2,10317.000026556,
c7db2a826f6408fe,10317.000036181,10317.000036181
c80e854de9da2a31,10317.000089988,
c815d740f2894693,10317.000076201,
c81c1ac52185a720,10317.000069343,
c827f235dd342674,10317.000037571,
c8535545753e4c8b,10317.000058623,
c869b4241ad433b7,10317.000033695,
c87cd6420f0aa54f,10317.000001171,10317.000001171
c88cfdf0832e6bd0,10317.000110087,
c89f51bac0b06eca,10317.000035418,10317.000035418
c8abee31d1873399,10317.000031791,
c8ed8bbbd5d8b3a7,10317.000035359,
c90bf66d3dfb8633,10317.000073243,10317.000073243
c9207ea62b3a583c,10317.000039734,
c9293adbc4d61ee6,10317.000072240,
c9f04fc6fc96a101,10317.000021284,
ca0316079c5c7ef9,10317.000012905,
ca07f17cf027f728,10317.000043161,
ca2eb08a9b9295a7,10317.000108693,10317.000108693
ca5de71b1dd3be8a,10317.000100392,
ca71e1be4d95ed90,10317.000089519,10317.000089519
caa23face515f22c,10317.000027215,10317.000027215
cad3369848084f1a,10317.000039623,
caecf5809c57d551,10317.000072150,
caf4087aad4b2b51,10317.000029157,10317.000029157
cb5bcbcabc1c6b6b,10317.000059189,
cb6ae08245bc584b,10317.000036673,
cb885527d95319c2,10317.000052063,
cbcbbd22f59c80d8,10317.000069847,
cbcd917654ee366d,10317.000020400,
cc0223f7f38946fe,10317.000013975,10317.000013975
cc0dae577c68b7a3,10317.000040323,10317.000040323
cc10455acc762110,10317.000031004,
cc1cf45f080ab4c6,10317.000058508,
cc41febad0040615,10317.000071927,
cc659bcfb2c18dc2,10317.000031826,
cc7f63015bd55995,10317.000084548,
cc8899789bbad8b1,10317.000017709,10317.000017709
ccab7f20929c4a68,10317.000076160,
ccc596e4ec1f2347,10317.000071445,10317.000071445
cccdf27dc3dd0723,10317.000069598,
ccf440fe14f3cf8c,10317.000098184,
ccf809509f931b07,10317.000013227,10317.000013227
cd1397cd22be976e,10317.000014405,10317.000014405
cd6c745bd10898d8,10317.000022914,
cd8367b4fda12b94,10317.000039665,
cd960276f299cfcd,10317.000033761,
cdac22b017ec4705,10317.000035480,
cdf57bb4254c2b8c,10317.000031258,
ce7307cef2f0047b,10317.000100344,
ce7fe790e4907680,10317.000076219,
ce801620db8b7081,10317.000023824,
ce9fe592c37b00f4,10317.000039664,
cecdd4d0615485a9,10317.000101033,10317.000101033
cf09a6590865f817,10317.000036116,10317.000036116
cf30d5ec395e33cf,10317.000035164,10317.000035162
cf56fc46fe12ad35,10317.000090521,10317.000090521
cf9d083325d634e3,10317.000036674,
cfcf62c8677f9ed0,10317.000015639,
cfd6e62d44fcefe1,10317.000022548,10317.000022548
d001d7bc979e6826,10317.000084291,
d01a9758e695925d,10317.000036878,10317.000036878
d02a15e727d5f247,10317.000069305,
d03269082087bf43,10317.000002769,
d0465bb41e79e39e,10317.000042744,
d04920ca7c74295f,10317.000054100,10317.000026617
d04fcaa57f2cfacb,10317.000026661,
d062f6ab3248c014,10317.000033797,10317.000033797
d0969be8ddd1f1b8,10317.000082559,
d0d30a726f5139fe,10317.000048388,
d11947f7dd4ab8cc,10317.000091104,
d11f4bae1717c089,10317.000084318,10317.000084318
d14323e475658234,10317.000041321,
d143651bf1e47320,10317.000030974,
d1515dbd244ab532,10317.000079833,10317.000079833
d15f6f3f88d935a7,10317.000073894,
d19d3d3291da39ff,10317.000091013,10317.000091013
d1bfc37e579d9c60,10317.000063058,10317.000063058
d1f929d470e7facf,10317.000058599,
d2305aaed34d0ad9,10317.000063066,10317.000063066
d245735c51aad556,10317.000001816,
d271565b7709d99a,10317.000106400,
d2901c35d26d319f,10317.000106828,10317.000106828
d2b86c2dc2904780,10317.000034236,10317.000034236
d2b98705fc2fdce9,10317.000042738,10317.000042738
d2e1fae40be5a4b1,10317.000102662,
d31fe263236f366e,10317.000042026,10317.000042026
d32fd034f9e07f87,10317.000021184,
d34df23f4478ae47,10317.000101350,10317.000101350
d34f93c0ca909345,10317.000038393,10317.000038393
d3b4987481cb69f3,10317.000109829,
d3b886b43fef0c7d,10317.000087114,10317.000087115
d3bfca75c3718f5d,10317.000106863,
d3d604f6d1fd2c47,10317.000014591,
d406007f0e78bc66,10317.000039606,10317.000039606
d435301bec05bc1f,10317.000027278,10317.000027278
d43b51d368fc2983,10317.000039696,
d43ea000563e8b7e,10317.000033765,
d44430c30a2ed169,10317.000093653,
d45a717b1cd466de,10317.000052327,
d4619eccad099af3,10317.000069775,
d47f0cb1395fb254,10317.000058469,
d491e1ef12d4fd68,10317.000087104,10317.000087104
d4b6dee887bc603d,10317.000042749,
d4c589661b95addf,10317.000023929,10317.000023929
d4f3bd14beeb12c2,10317.000039534,
d4ff01b14b9249e1,10317.000031001,10317.000031001
d50099eb061ae8f4,10317.000065768,
d51e31e02f53f1c4,10317.000017319,10317.000017319
d5464c9816b58ce1,10317.000093616,10317.000093616
d56b66a43c446a08,10317.000037505,
d5b377a9062c2c5d,10317.000028742,10317.000028742
d5b3c18fba82cabc,10317.000059848,
d5c41ace0f42bb43,10317.000041258,10317.000041258
d5e33608f31b7de9,10317.000103682,10317.000103682
d5fbbac767ab28f3,10317.000065335,
d63735d906927d5d,10317.000039718,10317.000039718
d6aef4839df158f7,10317.000109837,10317.000109837
d6c0cb0d5f0cce45,10317.000090041,10317.000090041
d6c189b6cda28ecf,10317.000031863,10317.000031863
d6ec8a19a59b1938,10317.000069661,10317.000069661
d6f9a1316e7301a1,10317.000076161,
d7317130dce98a18,10317.000023250,10317.000023250
d73f0f21c74ecd1f,10317.000001377,
d7425248ae3cbf16,10317.000069214,
d754a6e734faa52d,10317.000069626,
d76433e3b7720472,10317.000020392,10317.000020392
d76fd115ee0f67dc,10317.000034641,10317.000034641
d77fdee68a3f990c,10317.000087685,10317.000087685
d7fc2e539eee10c9,10317.000034159,
d81add414431c664,10317.000041251,10317.000041251
d822c036ce799b49,10317.000022910,
d829caf697145786,10317.000059188,10317.000059188
d84771920da7fb71,10317.000033686,
d8595c3b67fb2952,10317.000066471,
d85f4034a0922c93,10317.000027217,10317.000027217
d8b723d58644bcb0,10317.000067690,10317.000069300
d8c6751b7e6678ab,10317.000107276,
d8ece1bd33ded39d,10317.000027900,
d92925431de0c710,10317.000023970,10317.000023970
d9423ae31de101e7,10317.000023809,10317.000023809
d94715cf807d0878,10317.000071413,
d9605113de7fb347,10317.000041284,10317.000041284
d97db83791e20395,10317.000076190,
d985797349eeedab,10317.000106402,
d9acad91be3df34d,10317.000037515,10317.000037515
d9ae8bee496f776d,10317.000039654,
d9b53bd904a3c11f,10317.000100347,
d9baa90a983ef7bf,10317.000034146,
d9e04de9357def07,10317.000067753,10317.000067756
da0a43cc4321b777,10317.000014157,10317.000014157
da0e50de04103733,10317.000041333,
da2a741fe211bf47,10317.000103694,10317.000103694
da481a4b89830086,10317.000021163,10317.000021163
dae246a2533915ad,10317.000107265,
db1bffad92e4d280,10317.000042015,10317.000042015
db2882af95056ae7,10317.000079371,10317.000079371
db2e324b45e34b97,10317.000046215,
db687b55f3d5dd4c,10317.000069846,10317.000069846
db87b240bc5ee7cf,10317.000068290,
dbaaedc354b56569,10317.000048357,10317.000048357
dbbcec92766b6863,10317.000039831,10317.000039831
dbbfaa46adfde4c0,10317.000072229,10317.000072229
dbec3855a18db5ce,10317.000090976,
dc50e175a36af015,10317.000039691,
dc5eae083d75869f,10317.000071432,
dc63e7d49fcef08e,10317.000090518,10317.000090518
dc796f0692f5a6d3,10317.000072251,10317.000072251
dc8506576264dc5f,10317.000054335,
dca988197eac2203,10317.000022626,10317.000022626
dcb251f897ccc71b,10317.000023235,
dcd8ae10558f1fad,10317.000033687,10317.000033687
dcf5560f4746abd9,10317.000041310,
dd104075f06d723e,10317.000039928,
dd6f11bfe71d2ec9,10317.000087102,10317.000087102
dd8445986318aed4,10317.000020079,10317.000020079
dd896f96caa78a31,10317.000040157,10317.000040157
dd98e4da0bb59a5d,10317.000087034,
dd9b2c9f58a9f094,10317.000026580,
dda7efff3fa82733,10317.000100399,10317.000100399
ddbbef7874727619,10317.000069634,10317.000069634
ddc707c7a0833615,10317.000073873,
dddfbd6aeb376c2a,10317.000040350,10317.000040350
de2beb83c457f217,10317.000029168,
de3822bf5069b814,10317.000101174,
de492e211b31be89,10317.000014943,
de5b5511ce374560,10317.000022597,10317.000022597
de666b50d057bfa5,10317.000039764,10317.000039764
de6fec29cc93bfe7,10317.000011405,
deaa67a1f195537a,10317.000108396,10317.000108396
deca0a1841d6f1c4,10317.000039564,10317.000039564
ded1ad7b6abb3499,10317.000026623,10317.000026623
df158228d98ea3a5,10317.000069616,
df6ffda94585649c,10317.000021178,10317.000021178
df885b63673b76bd,10317.000093110,
dff549fefeede519,10317.000035379,
e00fab8cdd6d64dc,10317.000038454,10317.000038454
e0602615c381ee7a,10317.000046216,10317.000046216
e0836dff667812e8,10317.000023025,
e0a6cf0db5bfc401,10317.000066528,
e0cb53202adcebb1,10317.000036870,
e1084f9a641cc4a0,10317.000041950,10317.000041950
e110f1044f1872f2,10317.000049934,
e112dfa7f046896c,10317.000036885,
e14d5ba475ac245b,10317.000106410,
e156a9e48abdf74b,10317.000087654,10317.000087654
e15e73918fe356f8,10317.000087105,
e17eecca4f0c8492,10317.000035760,10317.000035760
e1ac3179d9d4f7b7,10317.000102742,10317.000102742
e1c0acdb3c973907,10317.000052355,10317.000052355
e1cf7240a9bd6f6c,10317.000030954,
e2039d1108fa30b3,10317.000039729,
e206387b4caac3ab,10317.000072265,10317.000072266
e2528c0bfb42f605,10317.000082814,10317.000082814
e2528eff36ce662a,10317.000076210,10317.000076210
e2539192d2070244,10317.000043199,
e278e463a01a91b5,10317.000073776,
e2c03b4d03fbc93e,10317.000073260,
e2d27ab20cddba30,10317.000074799,10317.000074799
e33d57e95e0b4d30,10317.000066480,
e3489b534a9d2d87,10317.000031449,
e34e02d31dba6e46,10317.000039570,10317.000039570
e351b918ed7b0412,10317.000027209,
e3bdd1b298a2b15c,10317.000031872,
e3deaa1c47803e3c,10317.000033709,
e3ed7834006a1ca1,10317.000031265,
e419f72508ddea97,10317.000097089,10317.000097089
e441fcd580c543e0,10317.000041533,10317.000041533
e460c418dceae511,10317.000035470,10317.000035470
e4c873e3af71ecb9,10317.000001300,
e4d458a2b30a5116,10317.000036718,
e4df5a1e72284aee,10317.000039739,
e4ff279ac9f9c448,10317.000039808,10317.000039808
e512c2f4f95ee047,10317.000084359,
e5979adf02e7874d,10317.000039806,10317.000039806
e5e0367cf1b141d8,10317.000067871,10317.000067871
e63c2dfed38147fb,10317.000039601,
e687ed0d5ac92866,10317.000011930,
e6af1706fb3d8547,10317.000046519,
e6c19c6ad417c30a,10317.000036189,
e6c1cad18c453e6b,10317.000082718,10317.000082718
e6f94e180dc9a0ce,10317.000082946,
e70b74d7a3cb818b,10317.000011402,
e71c10d4a4789189,10317.000071451,
e75e6b4712c317c4,10317.000074852,10317.000074852
e7c59606cd4dea22,10317.000031337,10317.000031337
e7ced18899f8d556,10317.000082552,10317.000082552
e7dfb833238f7369,10317.000075874,
e7f276ac21c791ca,10317.000023841,10317.000023841
e7f6967548bd197a,10317.000026139,
e80cb93726f7f91f,10317.000027373,10317.000027373
e874b016c7810e5b,10317.000100986,
e8dfe1b713c9aea7,10317.000033658,
e91c7d1d44dd6ed4,10317.000014559,10317.000014559
e98773f360122053,10317.000071902,
e98f05f8fc5389a3,10317.000031833,
ea089c7e840906d8,10317.000090040,10317.000090040
ea2237292c3ceacb,10317.000041526,10317.000041526
ea8a1ed054de6b0c,10317.000039552,
ead1975fe84009e7,10317.000039980,
ead215ad78aa4340,10317.000009655,
ead96e9390f3872d,10317.000040110,10317.000040110
eb2939a855a5ba64,10317.000102624,
eb45ccb047cce201,10317.000087643,10317.000087643
eb60b4931f15edb5,10317.000065665,
ebc0fdb0b2702e61,10317.000093090,
ebdc71b45a1add48,10317.000074359,10317.000074359
ebe40d1c9631f3bd,10317.000039823,
ec214df44249374f,10317.000046193,10317.000046193
ec30891b73469786,10317.000093415,
ec5c3f5b50b5c46a,10317.000110066,
ed1ee238c61b6c5a,10317.000047900,
ed234b7e108d0a58,10317.000059165,10317.000076208
ed3f85d2fc705acb,10317.000002251,10317.000002252
ed630e1b685ebcf3,10317.000068283,
ed89d5c714fc614e,10317.000052244,
ee26182da9a9b067,10317.000065693,
ee40f55f78f0e0ee,10317.000039674,10317.000039674
ee78228ab0fe3aca,10317.000110082,
ee7d2c09847704e2,10317.000108632,
ee7e6d49df07a1f7,10317.000027822,
ee8773e640223523,10317.000039738,10317.000039738
ee8b5c5071a3d647,10317.000063003,10317.000063003
ee95331fd3db29f6,10317.000068306,
ee9ba811f0eee2fb,10317.000027830,10317.000027830
eeb59312c5cccf9d,10317.000026020,
eefabb5486180820,10317.000027910,
eeff3827ee89d190,10317.000028726,
ef2d37045769073c,10317.000067530,10317.000067530
ef32ad9eb50ac3e7,10317.000072365,
ef4275276ff2a884,10317.000041622,
ef6d910fb5d74e78,10317.000049830,
ef755db9b830305b,10317.000036136,
ef757f40231e74fa,10317.000039707,
efc3398dc1a63985,10317.000028789,
efc4290384ed67ee,10317.000037499,10317.000037499
efd861b68916f26d,10317.000071984,
efe201ac803698b6,10317.000082571,10317.000082571
eff6552d5c7c33aa,10317.000106384,
eff9a114b113a095,10317.000028866,10317.000028866
f0247b84a23440eb,10317.000093627,10317.000093627
f0823bea6df8a967,10317.000026590,10317.000026590
f0994d720ff8a89d,10317.000002247,
f0d16389ecbe9c85,10317.000071404,
f139a5dccfadd294,10317.000037552,
f1420a34057176cb,10317.000069653,
f14ed0678dbb3c52,10317.000041342,
f15e34a0a458b580,10317.000102787,
f160098ace79daec,10317.000091060,
f1a74452ba72e470,10317.000028904,
f1abb464559c5c38,10317.000039557,10317.000039557
f1ed3174cfea39e8,10317.000035787,10317.000035787
f270263762d2ecec,10317.000108405,10317.000108405
f2703552a5d8378c,10317.000043132,10317.000043132
f2ced5fce312a004,10317.000110174,
f2cf88bb5c763f9a,10317.000053439,
f2f0bae12e1cdf06,10317.000034235,10317.000034235
f315b7d330727418,10317.000048351,
f3167095f0ed01d8,10317.000022629,10317.000022629
f3427ea71b86d05c,10317.000026616,
f36ccf14f822b9da,10317.000036142,
f3809f1cff478b81,10317.000039740,
f386b8acc352e7d5,10317.000023801,
f3a42d971af0f51c,10317.000067620,10317.000067620
f3a82145212c9b31,10317.000026577,10317.000026577
f3b885f975c0c193,10317.000039916,10317.000039916
f3c8ae60351b2e33,10317.000013038,10317.000013038
f3dd2ded8f8e6847,10317.000045017,10317.000045017
f3f14c91aeaa4d87,10317.000063091,
f3f8962701d8f39e,10317.000068340,
f408d79393dbbfa9,10317.000031057,10317.000031057
f41096e6b260dc10,10317.000028806,
f421da1e7b7dece5,10317.000034151,
f44679a5494a4227,10317.000067446,10317.000067446
f4bc3e5139fbb9d9,10317.000035398,10317.000035398
f4d709aaa71f34d4,10317.000069874,
f524c46656057b35,10317.000026465,
f5323485f5b12ca3,10317.000027843,
f53ad318a14461a7,10317.000027213,
f546e11c08062eca,10317.000039880,10317.000039880
f626c5e0b5ec446c,10317.000093098,10317.000093098
f6513b1323adaed8,10317.000041325,10317.000041325
f654e09a661bf57c,10317.000050336,
f6958c91c61b6f38,10317.000069703,
f6d8e2a569d7872e,10317.000042014,10317.000042014
f72f222234ff9cff,10317.000031241,10317.000031241
f73b0ee970eb8e03,10317.000020060,
f776c1419f30a45e,10317.000108689,
f78f6af024a7bc17,10317.000051153,
f7a96fc76bd34f83,10317.000090068,
f7ad2cacef7edc36,10317.000110104,
f7df2a3f774e48f6,10317.000091074,10317.000091074
f8258b3bf6a5b6e2,10317.000067470,10317.000067469
f83047c5ae5b3a58,10317.000001882,10317.000001882
f8357ac66f876acf,10317.000039632,
f83d25c0f8fbc142,10317.000033785,10317.000033785
f84a7985dfb4d24b,10317.000090510,
f856df89b2821a0a,10317.000084493,10317.000084493
f88578f6a1e0cafc,10317.000035348,
f8d45ce448244cd3,10317.000108705,10317.000108705
f8d680e17492ad99,10317.000022552,10317.000022552
f90e5edbd79dacb8,10317.000066479,10317.000066479
f9289e61383cbf0d,10317.000063124,
f92b40d4da39d0dc,10317.000039516,10317.000039516
f97591cb74aa9c15,10317.000101018,
f9a8a77b162929f9,10317.000041945,
f9bb14df5c2fde2f,10317.000039912,
f9cfb302049a0ff9,10317.000108685,
f9d0bbc39757fdd8,10317.000045012,
f9da3120faf0298c,10317.000036164,10317.000036164
f9fd01f27fecfa83,10317.000014173,
fa1995703ae65000,10317.000094639,10317.000094639
fa216b769895b51b,10317.000031877,
fa269198dead499c,10317.000048402,
faaaaf6c3fa00273,10317.000017712,
fada079e791782de,10317.000065744,
faf4e1f63d15dc87,10317.000023055,10317.000023055
fb292ff06a4b03ab,10317.000023881,
fb4754c4d6381954,10317.000023010,
fb5c51b77b2839ec,10317.000041103,
fb6958d746c636dd,10317.000022673,
fbcf84f4c2185a26,10317.000068302,10317.000068302
fbd499e28d59fee0,10317.000036981,10317.000036981
fbde211cc0d50e75,10317.000027852,10317.000027852
fbf93bdef2d43789,10317.000022619,
fc01f0174f35ac1c,10317.000002717,
fc3e5691a1b3eaa1,10317.000074838,10317.000074838
fc6c29fbb0ba3e62,10317.000065667,
fc8a5a88b7c95fb7,10317.000069185,
fcb6561fa26e5c20,10317.000041311,10317.000041311
fd5473408e59a56b,10317.000097085,10317.000097085
fda1cb49337fb25b,10317.000031313,10317.000031313
fdb8a76af9c4a59a,10317.000028715,10317.000028715
fdbc660f57e46b17,10317.000100494,10317.000100494
fdefcd15e9b6d553,10317.000023214,10317.000023214
fdff782f23c5c0b0,10317.000067770,10317.000067770
fe027335fa3eaaae,10317.000103746,
fe0d5d9739b451b7,10317.000063583,
fe33eb4244069a87,10317.000084341,
fe4897a4014e35de,10317.000069353,
fe751b51f3e2c12e,10317.000066562,10317.000066562
fe91c02fc1ca49d3,10317.000021246,
ff1c5d957dd080ce,10317.000035479,
ff2cc26c8901641b,10317.000036865,10317.000036865
ff410d73128cd510,10317.000026468,
ff41f06c8512a9ea,10317.000106445,10317.000106445
ff50b0da8d2e4c1c,10317.000039604,
ff558e9a8822fd9e,10317.000084610,
ff9351f7c602c7f7,10317.000059200,10317.000059200
ffa9ab8ce58c4ee7,10317.000014871,10317.000014871
ffd204291f811a57,10317.000023902,
ffe7a8162861c433,10317.000067930,10317.000067930
